post_id,post_url,owner_hashed,is_ai_generated,image_width,image_height,aspect_ratio,megapixels,is_standard_resolution,is_portrait,long_side,tag_count,avg_tag_length,max_tag_length,multiword_tag_ratio,source_type,has_source,score,comment_count,has_notes,has_parent,has_sample,change_hour,change_day_of_week,change_month,_leak_tags_removed
7069496,https://safebooru.org/index.php?page=post&s=view&id=7069496,e285b9008bf6,0,1878,2000,0.939,3.756,0,1,2000,38,10.053,21,0.657895,other,1,,0,0,0,1,12,Wednesday,August,0
7075962,https://safebooru.org/index.php?page=post&s=view&id=7075962,e285b9008bf6,0,1319,2048,0.644043,2.7013,0,1,2048,16,8.188,14,0.375,twitter,1,,0,0,0,0,16,Friday,August,0
7034713,https://safebooru.org/index.php?page=post&s=view&id=7034713,e285b9008bf6,1,2803,4096,0.684326,11.4811,0,1,4096,18,10.333,20,0.555556,twitter,1,,0,0,0,1,15,Saturday,August,1
6685262,https://safebooru.org/index.php?page=post&s=view&id=6685262,e285b9008bf6,1,640,1616,0.39604,1.0342,1,1,1616,9,11.444,19,0.555556,local_file,1,,0,0,0,0,2,Wednesday,April,2
7075995,https://safebooru.org/index.php?page=post&s=view&id=7075995,e285b9008bf6,0,1920,1080,1.777778,2.0736,0,0,1920,43,10.395,25,0.627907,twitter,1,,0,0,0,1,16,Friday,August,0
7075954,https://safebooru.org/index.php?page=post&s=view&id=7075954,e285b9008bf6,0,2592,4912,0.527687,12.7319,0,1,4912,32,9.875,18,0.5,pixiv,1,,0,0,0,1,16,Friday,August,0
7058336,https://safebooru.org/index.php?page=post&s=view&id=7058336,e285b9008bf6,1,1060,1484,0.714286,1.573,0,1,1484,27,9.926,23,0.555556,pixiv,1,1,0,0,0,0,23,Saturday,August,1
6882949,https://safebooru.org/index.php?page=post&s=view&id=6882949,e285b9008bf6,1,1232,2048,0.601562,2.5231,0,1,2048,28,11.786,23,0.821429,twitter,1,,0,0,0,0,4,Saturday,June,1
6874357,https://safebooru.org/index.php?page=post&s=view&id=6874357,e285b9008bf6,1,1024,2048,0.5,2.0972,1,1,2048,9,12.333,22,0.666667,local_file,1,,0,0,0,0,17,Wednesday,June,1
7058408,https://safebooru.org/index.php?page=post&s=view&id=7058408,e285b9008bf6,1,1042,1509,0.690524,1.5724,0,1,1509,23,11.739,23,0.73913,pixiv,1,,0,0,0,0,23,Saturday,August,1
7075375,https://safebooru.org/index.php?page=post&s=view&id=7075375,e285b9008bf6,0,1200,1350,0.888889,1.62,0,1,1350,43,8.907,21,0.511628,twitter,1,1,0,0,0,0,12,Friday,August,0
7075974,https://safebooru.org/index.php?page=post&s=view&id=7075974,e285b9008bf6,0,1500,2000,0.75,3.0,0,1,2000,40,10.875,27,0.6,pixiv,1,,0,0,0,1,16,Friday,August,0
7075337,https://safebooru.org/index.php?page=post&s=view&id=7075337,e285b9008bf6,0,2048,1968,1.04065,4.0305,0,0,2048,32,9.375,21,0.59375,twitter,1,,0,0,0,1,12,Friday,August,0
6622599,https://safebooru.org/index.php?page=post&s=view&id=6622599,e285b9008bf6,1,616,595,1.035294,0.3665,0,0,616,18,10.722,22,0.666667,local_file,1,,0,0,0,0,2,Saturday,April,1
7058421,https://safebooru.org/index.php?page=post&s=view&id=7058421,e285b9008bf6,1,1254,1254,1.0,1.5725,0,0,1254,23,11.174,23,0.695652,pixiv,1,,0,0,0,1,23,Saturday,August,1
7075343,https://safebooru.org/index.php?page=post&s=view&id=7075343,e285b9008bf6,0,2867,4096,0.699951,11.7432,0,1,4096,13,21.0,31,0.846154,twitter,1,,0,0,0,1,12,Friday,August,0
6924233,https://safebooru.org/index.php?page=post&s=view&id=6924233,e285b9008bf6,1,928,1232,0.753247,1.1433,0,1,1232,29,9.586,18,0.517241,pixiv,1,,0,0,0,0,7,Friday,July,1
7058340,https://safebooru.org/index.php?page=post&s=view&id=7058340,e285b9008bf6,1,980,1604,0.610973,1.5719,0,1,1604,29,9.552,23,0.517241,pixiv,1,,0,0,0,0,23,Saturday,August,1
7008692,https://safebooru.org/index.php?page=post&s=view&id=7008692,e285b9008bf6,1,896,1200,0.746667,1.0752,1,1,1200,2,10.5,14,0.5,local_file,1,,0,0,0,0,10,Friday,July,2
6779957,https://safebooru.org/index.php?page=post&s=view&id=6779957,e285b9008bf6,1,1632,2880,0.566667,4.7002,0,1,2880,33,9.394,25,0.454545,twitter,1,,0,0,0,1,20,Tuesday,May,1
6881338,https://safebooru.org/index.php?page=post&s=view&id=6881338,e285b9008bf6,1,800,1330,0.601504,1.064,0,1,1330,32,10.188,23,0.625,twitter,1,,0,0,0,0,14,Friday,June,1
7069430,https://safebooru.org/index.php?page=post&s=view&id=7069430,e285b9008bf6,0,3024,4299,0.703419,13.0002,0,1,4299,60,11.633,26,0.733333,pixiv,1,,0,0,0,1,11,Wednesday,August,0
7075975,https://safebooru.org/index.php?page=post&s=view&id=7075975,e285b9008bf6,0,1440,1440,1.0,2.0736,0,0,1440,37,9.405,21,0.567568,pixiv,1,,0,0,0,1,16,Friday,August,0
6904279,https://safebooru.org/index.php?page=post&s=view&id=6904279,e285b9008bf6,1,1024,1536,0.666667,1.5729,1,1,1536,22,9.818,27,0.5,local_file,1,,0,0,0,0,20,Friday,June,1
7075963,https://safebooru.org/index.php?page=post&s=view&id=7075963,e285b9008bf6,0,1661,2203,0.753972,3.6592,0,1,2203,38,9.868,31,0.526316,twitter,1,,0,0,0,1,16,Friday,August,0
6722995,https://safebooru.org/index.php?page=post&s=view&id=6722995,e285b9008bf6,1,1536,2688,0.571429,4.1288,1,1,2688,17,9.706,18,0.588235,twitter,1,,0,0,0,1,8,Sunday,May,1
7075351,https://safebooru.org/index.php?page=post&s=view&id=7075351,e285b9008bf6,0,4341,2608,1.664494,11.3213,0,0,4341,37,9.568,19,0.540541,pixiv,1,1,0,0,0,1,12,Friday,August,0
7069490,https://safebooru.org/index.php?page=post&s=view&id=7069490,e285b9008bf6,0,2000,2829,0.706964,5.658,0,1,2829,36,9.528,18,0.555556,other,1,,0,0,0,1,12,Wednesday,August,0
7076011,https://safebooru.org/index.php?page=post&s=view&id=7076011,e285b9008bf6,0,3000,4000,0.75,12.0,0,1,4000,57,10.877,24,0.578947,twitter,1,,0,0,0,1,17,Friday,August,0
7018490,https://safebooru.org/index.php?page=post&s=view&id=7018490,e285b9008bf6,1,720,960,0.75,0.6912,0,1,960,15,11.2,23,0.666667,other,1,,0,0,0,0,16,Monday,August,1
6737382,https://safebooru.org/index.php?page=post&s=view&id=6737382,e285b9008bf6,1,1776,2368,0.75,4.2056,0,1,2368,49,9.837,29,0.55102,other,1,,0,0,0,1,15,Thursday,May,1
7069448,https://safebooru.org/index.php?page=post&s=view&id=7069448,e285b9008bf6,0,1536,2048,0.75,3.1457,1,1,2048,23,10.739,19,0.652174,twitter,1,,0,0,0,1,11,Wednesday,August,0
6938853,https://safebooru.org/index.php?page=post&s=view&id=6938853,e285b9008bf6,1,1408,2112,0.666667,2.9737,0,1,2112,36,10.361,28,0.583333,twitter,1,,0,0,0,1,11,Tuesday,July,1
7075992,https://safebooru.org/index.php?page=post&s=view&id=7075992,e285b9008bf6,0,2160,2700,0.8,5.832,0,1,2700,55,12.436,30,0.654545,pixiv,1,,0,0,0,1,16,Friday,August,0
6788357,https://safebooru.org/index.php?page=post&s=view&id=6788357,e285b9008bf6,1,1792,2400,0.746667,4.3008,0,1,2400,8,13.25,21,0.625,local_file,1,,0,0,0,1,12,Friday,May,1
6978762,https://safebooru.org/index.php?page=post&s=view&id=6978762,e285b9008bf6,1,1086,1448,0.75,1.5725,0,1,1448,22,8.727,16,0.5,local_file,1,,0,0,0,1,1,Tuesday,July,1
6631988,https://safebooru.org/index.php?page=post&s=view&id=6631988,e285b9008bf6,1,1280,768,1.666667,0.983,1,0,1280,4,6.0,8,0.0,twitter,1,0,0,0,0,1,12,Friday,May,2
6768760,https://safebooru.org/index.php?page=post&s=view&id=6768760,e285b9008bf6,1,1000,1000,1.0,1.0,0,0,1000,21,9.19,14,0.52381,other,1,,0,0,0,0,7,Saturday,May,1
7069438,https://safebooru.org/index.php?page=post&s=view&id=7069438,e285b9008bf6,0,2730,3180,0.858491,8.6814,0,1,3180,57,10.246,22,0.631579,twitter,1,1,0,0,0,1,11,Wednesday,August,0
7062494,https://safebooru.org/index.php?page=post&s=view&id=7062494,e285b9008bf6,1,2176,3840,0.566667,8.3558,0,1,3840,33,9.909,17,0.606061,twitter,1,,0,0,0,1,7,Monday,August,1
6931335,https://safebooru.org/index.php?page=post&s=view&id=6931335,e285b9008bf6,1,619,893,0.693169,0.5528,0,1,893,32,9.844,18,0.5,pixiv,1,,0,0,0,0,6,Sunday,July,1
7069494,https://safebooru.org/index.php?page=post&s=view&id=7069494,e285b9008bf6,0,1707,1200,1.4225,2.0484,0,0,1707,31,10.323,23,0.677419,pixiv,1,,0,0,0,1,12,Wednesday,August,0
7069650,https://safebooru.org/index.php?page=post&s=view&id=7069650,e285b9008bf6,1,2016,1152,1.75,2.3224,1,0,2016,27,12.037,25,0.62963,twitter,1,1,0,0,0,1,13,Wednesday,August,1
6853164,https://safebooru.org/index.php?page=post&s=view&id=6853164,e285b9008bf6,1,1024,768,1.333333,0.7864,1,0,1024,38,11.211,24,0.631579,twitter,1,,0,0,0,0,19,Thursday,June,1
7069409,https://safebooru.org/index.php?page=post&s=view&id=7069409,e285b9008bf6,0,3273,4364,0.75,14.2834,0,1,4364,44,10.023,19,0.568182,other,1,,0,0,0,1,11,Wednesday,August,0
7075379,https://safebooru.org/index.php?page=post&s=view&id=7075379,e285b9008bf6,0,1709,2048,0.834473,3.5,0,1,2048,59,10.559,26,0.627119,twitter,1,,0,0,0,1,12,Friday,August,0
7062970,https://safebooru.org/index.php?page=post&s=view&id=7062970,e285b9008bf6,1,1254,1254,1.0,1.5725,0,0,1254,28,11.786,30,0.678571,twitter,1,,0,0,0,0,10,Monday,August,1
6962230,https://safebooru.org/index.php?page=post&s=view&id=6962230,e285b9008bf6,1,1408,2112,0.666667,2.9737,0,1,2112,25,9.64,25,0.52,twitter,1,2,0,0,0,1,6,Wednesday,July,1
6866302,https://safebooru.org/index.php?page=post&s=view&id=6866302,e285b9008bf6,1,1656,2096,0.790076,3.471,0,1,2096,26,10.923,26,0.576923,pixiv,1,,0,0,0,1,16,Monday,June,1
7075417,https://safebooru.org/index.php?page=post&s=view&id=7075417,e285b9008bf6,0,1169,826,1.415254,0.9656,0,0,1169,41,10.732,27,0.658537,pixiv,1,,0,0,0,1,12,Friday,August,0
7076026,https://safebooru.org/index.php?page=post&s=view&id=7076026,e285b9008bf6,0,2866,4047,0.708179,11.5987,0,1,4047,49,10.837,29,0.693878,twitter,1,,0,0,0,1,17,Friday,August,0
6622644,https://safebooru.org/index.php?page=post&s=view&id=6622644,e285b9008bf6,1,634,640,0.990625,0.4058,1,1,640,21,11.952,22,0.857143,local_file,1,,0,0,0,0,2,Saturday,April,1
7075970,https://safebooru.org/index.php?page=post&s=view&id=7075970,e285b9008bf6,0,998,1318,0.757208,1.3154,0,1,1318,24,13.042,28,0.666667,twitter,1,,0,0,0,0,16,Friday,August,0
6745636,https://safebooru.org/index.php?page=post&s=view&id=6745636,e285b9008bf6,1,1086,1407,0.771855,1.528,0,1,1407,60,11.65,31,0.583333,twitter,1,2,0,0,0,0,1,Sunday,May,1
7075357,https://safebooru.org/index.php?page=post&s=view&id=7075357,e285b9008bf6,0,769,863,0.891078,0.6636,0,1,863,45,9.089,21,0.533333,twitter,1,,0,0,0,0,12,Friday,August,0
7075391,https://safebooru.org/index.php?page=post&s=view&id=7075391,e285b9008bf6,0,2045,2052,0.996589,4.1963,0,1,2052,25,11.76,19,0.68,other,1,,0,0,0,1,12,Friday,August,0
7076021,https://safebooru.org/index.php?page=post&s=view&id=7076021,e285b9008bf6,0,900,1200,0.75,1.08,0,1,1200,30,11.1,29,0.666667,twitter,1,,0,0,0,0,17,Friday,August,0
7069453,https://safebooru.org/index.php?page=post&s=view&id=7069453,e285b9008bf6,0,3000,6000,0.5,18.0,0,1,6000,29,10.897,19,0.655172,other,1,,0,0,0,1,11,Wednesday,August,0
6753657,https://safebooru.org/index.php?page=post&s=view&id=6753657,e285b9008bf6,1,1254,1254,1.0,1.5725,0,0,1254,4,14.25,25,0.75,local_file,1,,0,0,0,1,8,Tuesday,May,1
7075412,https://safebooru.org/index.php?page=post&s=view&id=7075412,e285b9008bf6,0,3053,4096,0.745361,12.5051,0,1,4096,32,10.281,19,0.65625,twitter,1,,0,0,0,1,12,Friday,August,0
6918032,https://safebooru.org/index.php?page=post&s=view&id=6918032,e285b9008bf6,1,1408,2112,0.666667,2.9737,0,1,2112,22,8.909,18,0.5,twitter,1,5,0,0,0,1,8,Wednesday,July,1
7081554,https://safebooru.org/index.php?page=post&s=view&id=7081554,e285b9008bf6,1,1664,2432,0.684211,4.0468,0,1,2432,12,8.5,19,0.166667,twitter,1,1,0,0,0,1,15,Sunday,August,1
6734065,https://safebooru.org/index.php?page=post&s=view&id=6734065,e285b9008bf6,1,1280,848,1.509434,1.0854,0,0,1280,47,11.191,23,0.659574,pixiv,1,,0,0,0,1,15,Wednesday,May,1
6897377,https://safebooru.org/index.php?page=post&s=view&id=6897377,e285b9008bf6,1,1408,1920,0.733333,2.7034,0,1,1920,26,9.538,25,0.461538,twitter,1,2,0,0,0,1,14,Wednesday,June,1
7075353,https://safebooru.org/index.php?page=post&s=view&id=7075353,e285b9008bf6,0,1771,1254,1.412281,2.2208,0,0,1771,34,11.0,22,0.647059,twitter,1,,0,0,0,1,12,Friday,August,0
7075344,https://safebooru.org/index.php?page=post&s=view&id=7075344,e285b9008bf6,0,912,1450,0.628966,1.3224,0,1,1450,44,10.659,19,0.659091,twitter,1,,0,0,0,0,12,Friday,August,0
7075428,https://safebooru.org/index.php?page=post&s=view&id=7075428,e285b9008bf6,0,946,2048,0.461914,1.9374,0,1,2048,18,11.611,18,0.777778,twitter,1,,0,0,0,0,12,Friday,August,0
7018535,https://safebooru.org/index.php?page=post&s=view&id=7018535,e285b9008bf6,1,720,961,0.74922,0.6919,0,1,961,15,10.667,22,0.6,other,1,,0,0,0,0,16,Monday,August,1
7076016,https://safebooru.org/index.php?page=post&s=view&id=7076016,e285b9008bf6,0,2304,3072,0.75,7.0779,0,1,3072,27,9.519,18,0.555556,local_file,1,,0,0,0,1,17,Friday,August,0
6951581,https://safebooru.org/index.php?page=post&s=view&id=6951581,e285b9008bf6,1,512,768,0.666667,0.3932,1,1,768,21,5.762,14,0.047619,local_file,1,,0,0,0,0,18,Saturday,July,1
7075378,https://safebooru.org/index.php?page=post&s=view&id=7075378,e285b9008bf6,0,1631,2048,0.796387,3.3403,0,1,2048,43,10.837,27,0.604651,twitter,1,,0,0,0,1,12,Friday,August,0
7076006,https://safebooru.org/index.php?page=post&s=view&id=7076006,e285b9008bf6,0,3541,4017,0.881504,14.2242,0,1,4017,32,12.219,27,0.625,pixiv,1,,0,0,0,1,16,Friday,August,0
6882851,https://safebooru.org/index.php?page=post&s=view&id=6882851,e285b9008bf6,1,768,1088,0.705882,0.8356,1,1,1088,38,8.658,17,0.473684,pixiv,1,,0,0,0,0,3,Saturday,June,1
6612211,https://safebooru.org/index.php?page=post&s=view&id=6612211,e285b9008bf6,1,512,768,0.666667,0.3932,1,1,768,11,8.727,15,0.363636,local_file,1,,0,0,0,0,22,Tuesday,March,1
6641221,https://safebooru.org/index.php?page=post&s=view&id=6641221,e285b9008bf6,1,2783,3000,0.927667,8.349,0,1,3000,30,10.467,34,0.533333,pixiv,1,,0,0,0,1,15,Thursday,April,1
7069432,https://safebooru.org/index.php?page=post&s=view&id=7069432,e285b9008bf6,0,2480,3496,0.709382,8.6701,0,1,3496,38,12.184,26,0.684211,pixiv,1,,0,0,0,1,11,Wednesday,August,0
6662945,https://safebooru.org/index.php?page=post&s=view&id=6662945,e285b9008bf6,1,1024,1536,0.666667,1.5729,1,1,1536,10,12.4,29,0.4,pixiv,1,,0,0,0,0,2,Thursday,April,1
6626183,https://safebooru.org/index.php?page=post&s=view&id=6626183,e285b9008bf6,1,1072,992,1.080645,1.0634,0,0,1072,6,18.167,41,0.833333,local_file,1,,0,0,0,1,2,Sunday,April,1
7058364,https://safebooru.org/index.php?page=post&s=view&id=7058364,e285b9008bf6,1,947,1661,0.570138,1.573,0,1,1661,30,9.667,23,0.5,pixiv,1,,0,0,0,0,23,Saturday,August,1
7076045,https://safebooru.org/index.php?page=post&s=view&id=7076045,e285b9008bf6,0,843,983,0.857579,0.8287,0,1,983,21,9.476,18,0.47619,other,1,,0,0,0,0,17,Friday,August,0
6818069,https://safebooru.org/index.php?page=post&s=view&id=6818069,e285b9008bf6,1,2800,3500,0.8,9.8,0,1,3500,40,10.4,18,0.625,twitter,1,,0,0,0,1,18,Sunday,May,1
7022625,https://safebooru.org/index.php?page=post&s=view&id=7022625,e285b9008bf6,1,1024,1024,1.0,1.0486,1,0,1024,4,13.25,18,0.75,pixiv,1,1,0,0,0,0,0,Wednesday,August,1
6901054,https://safebooru.org/index.php?page=post&s=view&id=6901054,e285b9008bf6,1,1408,2112,0.666667,2.9737,0,1,2112,53,10.434,18,0.641509,twitter,1,,0,0,0,1,18,Thursday,June,1
7075371,https://safebooru.org/index.php?page=post&s=view&id=7075371,e285b9008bf6,0,2100,3000,0.7,6.3,0,1,3000,39,11.231,27,0.564103,twitter,1,1,0,0,0,1,12,Friday,August,0
6629310,https://safebooru.org/index.php?page=post&s=view&id=6629310,e285b9008bf6,1,832,1216,0.684211,1.0117,1,1,1216,25,10.88,25,0.68,twitter,1,1,0,0,0,0,22,Sunday,April,1
7001439,https://safebooru.org/index.php?page=post&s=view&id=7001439,e285b9008bf6,1,1086,1448,0.75,1.5725,0,1,1448,9,8.111,14,0.222222,local_file,1,0,0,0,0,1,0,Monday,August,1
7075442,https://safebooru.org/index.php?page=post&s=view&id=7075442,e285b9008bf6,0,677,1024,0.661133,0.6932,1,1,1024,44,12.477,60,0.704545,twitter,1,,0,0,0,0,12,Friday,August,0
6646266,https://safebooru.org/index.php?page=post&s=view&id=6646266,e285b9008bf6,1,2301,4096,0.561768,9.4249,0,1,4096,42,10.952,30,0.666667,twitter,1,,0,0,0,1,3,Saturday,April,1
7076040,https://safebooru.org/index.php?page=post&s=view&id=7076040,e285b9008bf6,0,2048,1255,1.631873,2.5702,0,0,2048,29,10.276,25,0.586207,twitter,1,,0,0,0,1,17,Friday,August,0
7069405,https://safebooru.org/index.php?page=post&s=view&id=7069405,e285b9008bf6,0,1920,1080,1.777778,2.0736,0,0,1920,9,12.222,18,0.666667,other,1,,0,0,0,1,11,Wednesday,August,0
6615995,https://safebooru.org/index.php?page=post&s=view&id=6615995,e285b9008bf6,1,943,2048,0.460449,1.9313,0,1,2048,39,10.103,28,0.589744,twitter,1,1,0,0,0,0,2,Thursday,April,1
7058396,https://safebooru.org/index.php?page=post&s=view&id=7058396,e285b9008bf6,1,1044,1507,0.692767,1.5733,0,1,1507,23,10.87,23,0.652174,pixiv,1,1,0,0,0,0,23,Saturday,August,1
6662952,https://safebooru.org/index.php?page=post&s=view&id=6662952,e285b9008bf6,1,1024,1536,0.666667,1.5729,1,1,1536,7,9.429,24,0.142857,pixiv,1,,0,0,0,0,2,Thursday,April,1
7069488,https://safebooru.org/index.php?page=post&s=view&id=7069488,e285b9008bf6,0,2200,3600,0.611111,7.92,0,1,3600,14,9.143,17,0.571429,twitter,1,,0,0,0,1,12,Wednesday,August,0
7075989,https://safebooru.org/index.php?page=post&s=view&id=7075989,e285b9008bf6,0,1280,1791,0.714685,2.2925,0,1,1791,29,11.172,27,0.551724,pixiv,1,,0,0,0,1,16,Friday,August,0
7075368,https://safebooru.org/index.php?page=post&s=view&id=7075368,e285b9008bf6,0,2048,1226,1.670473,2.5108,0,0,2048,46,9.848,26,0.608696,twitter,1,,0,0,0,1,12,Friday,August,0
6976004,https://safebooru.org/index.php?page=post&s=view&id=6976004,e285b9008bf6,1,1402,1122,1.249554,1.573,0,0,1402,11,8.909,17,0.363636,local_file,1,,0,0,0,1,1,Monday,July,1
7058385,https://safebooru.org/index.php?page=post&s=view&id=7058385,e285b9008bf6,1,1024,1536,0.666667,1.5729,1,1,1536,23,10.87,23,0.652174,pixiv,1,,0,0,0,0,23,Saturday,August,1
6642761,https://safebooru.org/index.php?page=post&s=view&id=6642761,e285b9008bf6,1,1984,1920,1.033333,3.8093,0,0,1984,17,9.588,17,0.470588,twitter,1,1,0,0,0,1,1,Friday,April,1
6634404,https://safebooru.org/index.php?page=post&s=view&id=6634404,e285b9008bf6,1,1920,3249,0.590951,6.2381,0,1,3249,16,11.875,31,0.5,twitter,1,,0,0,0,1,10,Tuesday,April,1
7023830,https://safebooru.org/index.php?page=post&s=view&id=7023830,e285b9008bf6,1,1402,1122,1.249554,1.573,0,0,1402,26,10.615,18,0.538462,twitter,1,,0,0,0,1,9,Wednesday,August,1
7069420,https://safebooru.org/index.php?page=post&s=view&id=7069420,e285b9008bf6,0,1800,2400,0.75,4.32,0,1,2400,39,9.538,19,0.615385,pixiv,1,,0,0,0,1,11,Wednesday,August,0
7069461,https://safebooru.org/index.php?page=post&s=view&id=7069461,e285b9008bf6,0,1200,1600,0.75,1.92,0,1,1600,59,11.627,34,0.677966,pixiv,1,,0,0,0,1,12,Wednesday,August,0
6874355,https://safebooru.org/index.php?page=post&s=view&id=6874355,e285b9008bf6,1,1126,748,1.505348,0.8422,0,0,1126,8,13.0,22,0.75,local_file,1,,0,0,0,1,17,Wednesday,June,1
7075985,https://safebooru.org/index.php?page=post&s=view&id=7075985,e285b9008bf6,0,2160,3840,0.5625,8.2944,0,1,3840,52,11.077,21,0.692308,pixiv,1,,0,0,0,1,16,Friday,August,0
6838947,https://safebooru.org/index.php?page=post&s=view&id=6838947,e285b9008bf6,1,768,1024,0.75,0.7864,1,1,1024,21,9.857,17,0.52381,local_file,1,,0,0,0,0,6,Sunday,June,1
7069436,https://safebooru.org/index.php?page=post&s=view&id=7069436,e285b9008bf6,0,1536,2048,0.75,3.1457,1,1,2048,19,11.421,18,0.684211,twitter,1,,0,0,0,1,11,Wednesday,August,0
7058351,https://safebooru.org/index.php?page=post&s=view&id=7058351,e285b9008bf6,1,1059,1486,0.712651,1.5737,0,1,1486,24,10.333,23,0.583333,pixiv,1,,0,0,0,0,23,Saturday,August,1
7076003,https://safebooru.org/index.php?page=post&s=view&id=7076003,e285b9008bf6,0,2894,4093,0.707061,11.8451,0,1,4093,18,12.889,23,0.666667,pixiv,1,,0,0,0,1,16,Friday,August,0
7023376,https://safebooru.org/index.php?page=post&s=view&id=7023376,e285b9008bf6,1,1248,1824,0.684211,2.2764,0,1,1824,36,10.444,21,0.583333,twitter,1,,0,0,0,1,6,Wednesday,August,1
6727166,https://safebooru.org/index.php?page=post&s=view&id=6727166,e285b9008bf6,1,1047,1428,0.733193,1.4951,0,1,1428,18,10.167,21,0.611111,twitter,1,,0,0,0,0,15,Monday,May,1
6872902,https://safebooru.org/index.php?page=post&s=view&id=6872902,e285b9008bf6,1,784,1024,0.765625,0.8028,1,1,1024,8,9.875,17,0.625,local_file,1,,0,0,0,0,9,Wednesday,June,1
7075966,https://safebooru.org/index.php?page=post&s=view&id=7075966,e285b9008bf6,0,2048,1189,1.722456,2.4351,0,0,2048,34,11.059,25,0.647059,twitter,1,,0,0,0,1,16,Friday,August,0
7069444,https://safebooru.org/index.php?page=post&s=view&id=7069444,e285b9008bf6,0,1299,1831,0.709448,2.3785,0,1,1831,20,11.85,49,0.4,twitter,1,,0,0,0,1,11,Wednesday,August,0
7058344,https://safebooru.org/index.php?page=post&s=view&id=7058344,e285b9008bf6,1,1043,1508,0.691645,1.5728,0,1,1508,23,10.696,23,0.608696,pixiv,1,2,0,0,0,0,23,Saturday,August,1
6714339,https://safebooru.org/index.php?page=post&s=view&id=6714339,e285b9008bf6,1,1536,1536,1.0,2.3593,1,0,1536,22,11.045,26,0.636364,twitter,1,1,0,0,0,1,16,Thursday,April,1
7069455,https://safebooru.org/index.php?page=post&s=view&id=7069455,e285b9008bf6,0,2315,2315,1.0,5.3592,0,0,2315,31,12.032,27,0.741935,twitter,1,,0,0,0,1,11,Wednesday,August,0
7058342,https://safebooru.org/index.php?page=post&s=view&id=7058342,e285b9008bf6,1,944,1666,0.566627,1.5727,0,1,1666,24,10.417,23,0.583333,pixiv,1,2,0,0,0,0,23,Saturday,August,1
6859410,https://safebooru.org/index.php?page=post&s=view&id=6859410,e285b9008bf6,1,1672,941,1.776833,1.5734,0,0,1672,13,7.769,19,0.307692,pixiv,1,1,0,0,0,1,19,Saturday,June,1
6636059,https://safebooru.org/index.php?page=post&s=view&id=6636059,e285b9008bf6,1,1696,2528,0.670886,4.2875,0,1,2528,15,8.267,14,0.4,local_file,1,1,0,0,0,1,21,Tuesday,April,1
6897236,https://safebooru.org/index.php?page=post&s=view&id=6897236,e285b9008bf6,1,1024,1024,1.0,1.0486,1,0,1024,30,11.833,32,0.6,twitter,1,1,0,0,0,0,13,Wednesday,June,1
7046077,https://safebooru.org/index.php?page=post&s=view&id=7046077,e285b9008bf6,1,2448,4096,0.597656,10.027,0,1,4096,27,9.0,17,0.481481,twitter,1,,0,0,0,1,1,Wednesday,August,1
6725019,https://safebooru.org/index.php?page=post&s=view&id=6725019,e285b9008bf6,1,1402,1122,1.249554,1.573,0,0,1402,6,15.833,23,0.833333,local_file,1,,0,0,0,1,23,Sunday,May,1
7058355,https://safebooru.org/index.php?page=post&s=view&id=7058355,e285b9008bf6,1,1037,1516,0.684037,1.5721,0,1,1516,26,10.192,23,0.576923,pixiv,1,1,0,0,0,0,23,Saturday,August,1
7058416,https://safebooru.org/index.php?page=post&s=view&id=7058416,e285b9008bf6,1,941,1672,0.562799,1.5734,0,1,1672,26,10.385,23,0.615385,pixiv,1,,0,0,0,0,23,Saturday,August,1
7075440,https://safebooru.org/index.php?page=post&s=view&id=7075440,e285b9008bf6,0,1730,1032,1.676357,1.7854,0,0,1730,34,10.088,26,0.588235,twitter,1,,0,0,0,1,12,Friday,August,0
6837875,https://safebooru.org/index.php?page=post&s=view&id=6837875,e285b9008bf6,1,1280,1920,0.666667,2.4576,0,1,1920,26,10.846,22,0.538462,pixiv,1,,0,0,0,1,21,Saturday,June,1
7081423,https://safebooru.org/index.php?page=post&s=view&id=7081423,e285b9008bf6,1,2048,2048,1.0,4.1943,0,0,2048,34,10.559,25,0.588235,pixiv,1,,0,0,0,1,14,Sunday,August,1
7076022,https://safebooru.org/index.php?page=post&s=view&id=7076022,e285b9008bf6,0,686,915,0.749727,0.6277,0,1,915,38,9.711,18,0.552632,pixiv,1,,0,0,0,0,17,Friday,August,0
6875798,https://safebooru.org/index.php?page=post&s=view&id=6875798,e285b9008bf6,1,832,1216,0.684211,1.0117,1,1,1216,18,9.333,17,0.611111,twitter,1,3,0,0,0,0,3,Thursday,June,1
6709847,https://safebooru.org/index.php?page=post&s=view&id=6709847,e285b9008bf6,1,1122,1402,0.800285,1.573,0,1,1402,9,9.667,17,0.444444,local_file,1,,0,0,0,1,5,Wednesday,April,1
7069401,https://safebooru.org/index.php?page=post&s=view&id=7069401,e285b9008bf6,0,733,1199,0.611343,0.8789,0,1,1199,30,11.5,26,0.666667,twitter,1,,0,0,0,0,11,Wednesday,August,0
6726950,https://safebooru.org/index.php?page=post&s=view&id=6726950,e285b9008bf6,1,2803,4096,0.684326,11.4811,0,1,4096,4,12.75,21,0.5,twitter,1,,0,0,0,1,14,Monday,May,1
7076004,https://safebooru.org/index.php?page=post&s=view&id=7076004,e285b9008bf6,0,2480,3508,0.706956,8.6998,0,1,3508,40,11.9,30,0.675,pixiv,1,,0,0,0,1,16,Friday,August,0
7076027,https://safebooru.org/index.php?page=post&s=view&id=7076027,e285b9008bf6,0,2000,2000,1.0,4.0,0,0,2000,30,10.033,28,0.5,pixiv,1,,0,0,0,1,17,Friday,August,0
7075971,https://safebooru.org/index.php?page=post&s=view&id=7075971,e285b9008bf6,0,600,724,0.828729,0.4344,0,1,724,17,12.529,29,0.823529,pixiv,1,,0,0,0,0,16,Friday,August,0
6631995,https://safebooru.org/index.php?page=post&s=view&id=6631995,e285b9008bf6,1,2048,1144,1.79021,2.3429,0,0,2048,5,6.2,8,0.0,twitter,1,0,0,0,0,1,12,Friday,May,2
6623692,https://safebooru.org/index.php?page=post&s=view&id=6623692,e285b9008bf6,1,1664,2432,0.684211,4.0468,0,1,2432,4,10.0,14,0.25,local_file,1,,0,0,0,1,9,Saturday,April,1
7058402,https://safebooru.org/index.php?page=post&s=view&id=7058402,e285b9008bf6,1,1054,1492,0.706434,1.5726,0,1,1492,23,10.87,23,0.652174,pixiv,1,,0,0,0,0,23,Saturday,August,1
6649220,https://safebooru.org/index.php?page=post&s=view&id=6649220,e285b9008bf6,1,2944,4416,0.666667,13.0007,0,1,4416,18,9.667,23,0.333333,pixiv,1,,0,0,0,1,1,Sunday,April,1
7069418,https://safebooru.org/index.php?page=post&s=view&id=7069418,e285b9008bf6,0,4000,3000,1.333333,12.0,0,0,4000,28,9.321,19,0.535714,twitter,1,,0,0,0,1,11,Wednesday,August,0
7075363,https://safebooru.org/index.php?page=post&s=view&id=7075363,e285b9008bf6,0,1460,2048,0.712891,2.9901,0,1,2048,52,9.865,26,0.576923,twitter,1,,0,0,0,1,12,Friday,August,0
7081173,https://safebooru.org/index.php?page=post&s=view&id=7081173,e285b9008bf6,1,1304,2048,0.636719,2.6706,0,1,2048,13,10.615,27,0.538462,twitter,1,,0,0,0,1,12,Sunday,August,1
7075967,https://safebooru.org/index.php?page=post&s=view&id=7075967,e285b9008bf6,0,833,1200,0.694167,0.9996,0,1,1200,34,10.029,18,0.676471,twitter,1,,0,0,0,0,16,Friday,August,0
7069410,https://safebooru.org/index.php?page=post&s=view&id=7069410,e285b9008bf6,0,2880,4096,0.703125,11.7965,0,1,4096,37,9.486,21,0.540541,twitter,1,,0,0,0,1,11,Wednesday,August,0
6811622,https://safebooru.org/index.php?page=post&s=view&id=6811622,e285b9008bf6,1,1024,1536,0.666667,1.5729,1,1,1536,16,11.125,25,0.5625,other,1,3,0,0,0,0,18,Friday,May,1
7076043,https://safebooru.org/index.php?page=post&s=view&id=7076043,e285b9008bf6,0,2048,1654,1.23821,3.3874,0,0,2048,34,10.735,22,0.676471,twitter,1,,0,0,0,1,17,Friday,August,0
7075956,https://safebooru.org/index.php?page=post&s=view&id=7075956,e285b9008bf6,0,2508,3541,0.708274,8.8808,0,1,3541,21,10.524,27,0.52381,pixiv,1,,0,0,0,1,16,Friday,August,0
7075381,https://safebooru.org/index.php?page=post&s=view&id=7075381,e285b9008bf6,0,2668,1500,1.778667,4.002,0,0,2668,113,10.867,24,0.716814,twitter,1,,0,0,0,1,12,Friday,August,0
7069471,https://safebooru.org/index.php?page=post&s=view&id=7069471,e285b9008bf6,0,1188,1786,0.665174,2.1218,0,1,1786,68,9.956,30,0.617647,pixiv,1,,0,0,0,1,12,Wednesday,August,0
7075408,https://safebooru.org/index.php?page=post&s=view&id=7075408,e285b9008bf6,0,1974,1974,1.0,3.8967,0,0,1974,25,9.64,19,0.52,twitter,1,,0,0,0,1,12,Friday,August,0
7069445,https://safebooru.org/index.php?page=post&s=view&id=7069445,e285b9008bf6,0,1536,2048,0.75,3.1457,1,1,2048,16,11.625,20,0.75,twitter,1,,0,0,0,1,11,Wednesday,August,0
6780697,https://safebooru.org/index.php?page=post&s=view&id=6780697,e285b9008bf6,1,768,1280,0.6,0.983,1,1,1280,20,10.7,18,0.55,twitter,1,,0,0,0,0,2,Wednesday,May,1
6960100,https://safebooru.org/index.php?page=post&s=view&id=6960100,e285b9008bf6,1,896,1152,0.777778,1.0322,1,1,1152,40,10.4,19,0.675,twitter,1,,0,0,0,0,12,Tuesday,July,1
7075345,https://safebooru.org/index.php?page=post&s=view&id=7075345,e285b9008bf6,0,2130,2969,0.717413,6.324,0,1,2969,39,11.205,38,0.641026,pixiv,1,,0,0,0,1,12,Friday,August,0
7069479,https://safebooru.org/index.php?page=post&s=view&id=7069479,e285b9008bf6,0,1800,2048,0.878906,3.6864,0,1,2048,17,10.529,18,0.588235,twitter,1,,0,0,0,1,12,Wednesday,August,0
7075384,https://safebooru.org/index.php?page=post&s=view&id=7075384,e285b9008bf6,0,2193,3623,0.605299,7.9452,0,1,3623,44,10.75,39,0.522727,pixiv,1,,0,0,0,1,12,Friday,August,0
7075952,https://safebooru.org/index.php?page=post&s=view&id=7075952,e285b9008bf6,0,1448,2047,0.707377,2.9641,0,1,2047,18,10.278,18,0.666667,twitter,1,,0,0,0,1,16,Friday,August,0
6859694,https://safebooru.org/index.php?page=post&s=view&id=6859694,e285b9008bf6,1,1024,1024,1.0,1.0486,1,0,1024,49,10.367,23,0.612245,local_file,1,,0,0,0,0,22,Saturday,June,1
7075957,https://safebooru.org/index.php?page=post&s=view&id=7075957,e285b9008bf6,0,1404,2000,0.702,2.808,0,1,2000,13,9.769,18,0.538462,pixiv,1,,0,0,0,1,16,Friday,August,0
7069467,https://safebooru.org/index.php?page=post&s=view&id=7069467,e285b9008bf6,0,2507,3040,0.824671,7.6213,0,1,3040,25,11.24,27,0.48,pixiv,1,,0,0,0,1,12,Wednesday,August,0
6623684,https://safebooru.org/index.php?page=post&s=view&id=6623684,e285b9008bf6,1,2560,3712,0.689655,9.5027,0,1,3712,4,10.0,14,0.25,local_file,1,,0,0,0,1,9,Saturday,April,1
6806482,https://safebooru.org/index.php?page=post&s=view&id=6806482,e285b9008bf6,1,2048,2048,1.0,4.1943,0,0,2048,8,11.25,18,0.5,pixiv,1,,0,0,0,1,2,Thursday,May,1
7058346,https://safebooru.org/index.php?page=post&s=view&id=7058346,e285b9008bf6,1,942,1669,0.56441,1.5722,0,1,1669,23,10.565,23,0.608696,pixiv,1,1,0,0,0,0,23,Saturday,August,1
6940571,https://safebooru.org/index.php?page=post&s=view&id=6940571,e285b9008bf6,1,1402,1122,1.249554,1.573,0,0,1402,4,22.5,34,1.0,local_file,1,1,0,0,0,1,1,Wednesday,July,1
7075382,https://safebooru.org/index.php?page=post&s=view&id=7075382,e285b9008bf6,0,2000,1198,1.669449,2.396,0,0,2000,26,12.154,29,0.615385,twitter,1,,0,0,0,1,12,Friday,August,0
7076042,https://safebooru.org/index.php?page=post&s=view&id=7076042,e285b9008bf6,0,2003,2048,0.978027,4.1021,0,1,2048,31,11.387,27,0.580645,twitter,1,,0,0,0,1,17,Friday,August,0
6740052,https://safebooru.org/index.php?page=post&s=view&id=6740052,e285b9008bf6,1,768,1280,0.6,0.983,1,1,1280,32,9.688,19,0.5,pixiv,1,1,0,0,0,0,10,Friday,May,1
6715364,https://safebooru.org/index.php?page=post&s=view&id=6715364,e285b9008bf6,1,1792,2340,0.765812,4.1933,0,1,2340,25,10.28,25,0.6,twitter,1,1,0,0,0,1,0,Friday,May,1
7075955,https://safebooru.org/index.php?page=post&s=view&id=7075955,e285b9008bf6,0,900,1378,0.65312,1.2402,0,1,1378,29,9.724,18,0.482759,twitter,1,,0,0,0,0,16,Friday,August,0
7069417,https://safebooru.org/index.php?page=post&s=view&id=7069417,e285b9008bf6,0,1299,1831,0.709448,2.3785,0,1,1831,17,13.294,49,0.411765,twitter,1,,0,0,0,1,11,Wednesday,August,0
7058365,https://safebooru.org/index.php?page=post&s=view&id=7058365,e285b9008bf6,1,1061,1483,0.715442,1.5735,0,1,1483,29,10.552,23,0.62069,pixiv,1,1,0,0,0,0,23,Saturday,August,1
7058394,https://safebooru.org/index.php?page=post&s=view&id=7058394,e285b9008bf6,1,987,1593,0.619586,1.5723,0,1,1593,29,11.966,25,0.655172,pixiv,1,,0,0,0,0,23,Saturday,August,1
7069413,https://safebooru.org/index.php?page=post&s=view&id=7069413,e285b9008bf6,0,997,990,1.007071,0.987,0,0,997,52,11.596,32,0.730769,twitter,1,,0,0,0,0,11,Wednesday,August,0
6881824,https://safebooru.org/index.php?page=post&s=view&id=6881824,e285b9008bf6,1,1408,2112,0.666667,2.9737,0,1,2112,20,10.3,20,0.55,twitter,1,2,0,0,0,1,17,Friday,June,1
6709799,https://safebooru.org/index.php?page=post&s=view&id=6709799,e285b9008bf6,1,1122,1402,0.800285,1.573,0,1,1402,5,8.4,14,0.2,local_file,1,,0,0,0,1,4,Wednesday,April,1
7085367,https://safebooru.org/index.php?page=post&s=view&id=7085367,e285b9008bf6,1,1152,2048,0.5625,2.3593,1,1,2048,21,8.619,21,0.380952,local_file,1,,0,0,0,1,21,Monday,August,1
6762184,https://safebooru.org/index.php?page=post&s=view&id=6762184,e285b9008bf6,1,1280,1856,0.689655,2.3757,0,1,1856,23,12.391,44,0.73913,twitter,1,,0,0,0,0,14,Thursday,May,1
6694857,https://safebooru.org/index.php?page=post&s=view&id=6694857,e285b9008bf6,1,1024,1024,1.0,1.0486,1,0,1024,3,8.333,14,0.333333,local_file,1,,0,0,0,0,19,Friday,April,2
6810508,https://safebooru.org/index.php?page=post&s=view&id=6810508,e285b9008bf6,1,2568,1343,1.912137,3.4488,0,0,2568,23,12.87,50,0.521739,pixiv,1,,0,0,0,1,10,Friday,May,1
7075443,https://safebooru.org/index.php?page=post&s=view&id=7075443,e285b9008bf6,0,1500,2000,0.75,3.0,0,1,2000,23,10.783,18,0.652174,twitter,1,,0,0,0,1,12,Friday,August,0
7011335,https://safebooru.org/index.php?page=post&s=view&id=7011335,e285b9008bf6,1,2976,2793,1.065521,8.312,0,0,2976,39,11.564,33,0.564103,pixiv,1,1,0,0,0,1,9,Saturday,August,1
7058333,https://safebooru.org/index.php?page=post&s=view&id=7058333,e285b9008bf6,1,970,1622,0.598027,1.5733,0,1,1622,23,10.957,23,0.652174,pixiv,1,,0,0,0,0,23,Saturday,August,1
7069464,https://safebooru.org/index.php?page=post&s=view&id=7069464,e285b9008bf6,0,1295,2048,0.632324,2.6522,0,1,2048,42,10.714,28,0.690476,twitter,1,,0,0,0,0,12,Wednesday,August,0
6703255,https://safebooru.org/index.php?page=post&s=view&id=6703255,e285b9008bf6,1,1500,4507,0.332816,6.7605,0,1,4507,27,11.593,20,0.592593,pixiv,1,1,0,0,0,1,5,Monday,April,1
6706150,https://safebooru.org/index.php?page=post&s=view&id=6706150,e285b9008bf6,1,1669,942,1.771762,1.5722,0,0,1669,8,11.25,16,0.625,local_file,1,,0,0,0,1,2,Tuesday,April,1
7049605,https://safebooru.org/index.php?page=post&s=view&id=7049605,e285b9008bf6,1,1024,1024,1.0,1.0486,1,0,1024,15,9.667,17,0.466667,twitter,1,0,0,0,0,0,1,Thursday,August,1
7075358,https://safebooru.org/index.php?page=post&s=view&id=7075358,e285b9008bf6,0,2750,3952,0.69585,10.868,0,1,3952,88,10.25,27,0.602273,twitter,1,,0,0,0,1,12,Friday,August,0
6805636,https://safebooru.org/index.php?page=post&s=view&id=6805636,e285b9008bf6,1,1344,1728,0.777778,2.3224,1,1,1728,23,9.522,21,0.521739,twitter,1,3,0,0,0,0,19,Wednesday,May,1
6950933,https://safebooru.org/index.php?page=post&s=view&id=6950933,e285b9008bf6,1,692,1200,0.576667,0.8304,0,1,1200,37,10.595,37,0.594595,twitter,1,1,0,0,0,0,13,Saturday,July,1
7075421,https://safebooru.org/index.php?page=post&s=view&id=7075421,e285b9008bf6,0,2150,3500,0.614286,7.525,0,1,3500,24,11.875,23,0.708333,twitter,1,,0,0,0,1,12,Friday,August,0
7069427,https://safebooru.org/index.php?page=post&s=view&id=7069427,e285b9008bf6,0,3072,4096,0.75,12.5829,0,1,4096,54,10.685,36,0.62963,other,1,,0,0,0,1,11,Wednesday,August,0
7058382,https://safebooru.org/index.php?page=post&s=view&id=7058382,e285b9008bf6,1,1052,1494,0.70415,1.5717,0,1,1494,29,10.793,23,0.62069,pixiv,1,,0,0,0,0,23,Saturday,August,1
7080368,https://safebooru.org/index.php?page=post&s=view&id=7080368,e285b9008bf6,1,1024,1024,1.0,1.0486,1,0,1024,29,11.276,21,0.655172,twitter,1,,0,0,0,0,4,Sunday,August,1
7075347,https://safebooru.org/index.php?page=post&s=view&id=7075347,e285b9008bf6,0,1463,2048,0.714355,2.9962,0,1,2048,54,10.204,27,0.62963,twitter,1,,0,0,0,1,12,Friday,August,0
6619857,https://safebooru.org/index.php?page=post&s=view&id=6619857,e285b9008bf6,1,832,1216,0.684211,1.0117,1,1,1216,32,12.812,61,0.78125,twitter,1,,0,0,0,0,7,Friday,April,1
7076013,https://safebooru.org/index.php?page=post&s=view&id=7076013,e285b9008bf6,0,1225,2100,0.583333,2.5725,0,1,2100,25,10.52,49,0.48,twitter,1,,0,0,0,0,17,Friday,August,0
6692916,https://safebooru.org/index.php?page=post&s=view&id=6692916,e285b9008bf6,1,3064,2113,1.450071,6.4742,0,0,3064,24,10.0,23,0.5,pixiv,1,,0,0,0,1,7,Friday,April,1
6837898,https://safebooru.org/index.php?page=post&s=view&id=6837898,e285b9008bf6,1,1280,800,1.6,1.024,0,0,1280,31,9.258,21,0.451613,pixiv,1,,0,0,0,1,21,Saturday,June,1
7076000,https://safebooru.org/index.php?page=post&s=view&id=7076000,e285b9008bf6,0,1635,2480,0.659274,4.0548,0,1,2480,44,10.886,41,0.590909,twitter,1,,0,0,0,1,16,Friday,August,0
7048271,https://safebooru.org/index.php?page=post&s=view&id=7048271,e285b9008bf6,1,960,1280,0.75,1.2288,0,1,1280,26,8.385,18,0.346154,twitter,1,,0,0,0,0,17,Wednesday,August,1
7065629,https://safebooru.org/index.php?page=post&s=view&id=7065629,e285b9008bf6,1,768,1344,0.571429,1.0322,1,1,1344,24,9.0,18,0.375,pixiv,1,1,0,0,0,0,5,Tuesday,August,1
7022627,https://safebooru.org/index.php?page=post&s=view&id=7022627,e285b9008bf6,1,1024,1536,0.666667,1.5729,1,1,1536,5,13.8,18,0.8,pixiv,1,,0,0,0,0,0,Wednesday,August,1
6748324,https://safebooru.org/index.php?page=post&s=view&id=6748324,e285b9008bf6,1,1536,2752,0.55814,4.2271,1,1,2752,46,9.348,37,0.478261,pixiv,1,,0,0,0,1,18,Sunday,May,1
7069472,https://safebooru.org/index.php?page=post&s=view&id=7069472,e285b9008bf6,0,2719,4096,0.663818,11.137,0,1,4096,27,9.963,18,0.555556,twitter,1,,0,0,0,1,12,Wednesday,August,0
6631998,https://safebooru.org/index.php?page=post&s=view&id=6631998,e285b9008bf6,1,2048,1232,1.662338,2.5231,0,0,2048,5,6.2,8,0.0,twitter,1,0,0,0,0,1,12,Friday,May,2
7069470,https://safebooru.org/index.php?page=post&s=view&id=7069470,e285b9008bf6,0,4833,5976,0.808735,28.882,0,1,5976,33,11.0,34,0.636364,pixiv,1,,0,0,0,1,12,Wednesday,August,0
6775577,https://safebooru.org/index.php?page=post&s=view&id=6775577,e285b9008bf6,1,4096,2304,1.777778,9.4372,0,0,4096,10,9.1,20,0.3,other,1,,0,0,0,1,12,Monday,May,1
7076015,https://safebooru.org/index.php?page=post&s=view&id=7076015,e285b9008bf6,0,700,965,0.725389,0.6755,0,1,965,65,10.046,19,0.630769,pixiv,1,1,0,0,0,0,17,Friday,August,0
7076018,https://safebooru.org/index.php?page=post&s=view&id=7076018,e285b9008bf6,0,1756,2479,0.70835,4.3531,0,1,2479,61,10.295,25,0.57377,pixiv,1,,0,0,0,1,17,Friday,August,0
7075988,https://safebooru.org/index.php?page=post&s=view&id=7075988,e285b9008bf6,0,2160,3840,0.5625,8.2944,0,1,3840,51,11.02,21,0.686275,pixiv,1,,0,0,0,1,16,Friday,August,0
7076047,https://safebooru.org/index.php?page=post&s=view&id=7076047,e285b9008bf6,0,1920,2560,0.75,4.9152,0,1,2560,29,12.241,36,0.62069,twitter,1,,0,0,0,1,17,Friday,August,0
6959496,https://safebooru.org/index.php?page=post&s=view&id=6959496,e285b9008bf6,1,1536,1024,1.5,1.5729,1,0,1536,5,14.0,21,0.8,local_file,1,,0,0,0,1,6,Tuesday,July,1
7069435,https://safebooru.org/index.php?page=post&s=view&id=7069435,e285b9008bf6,0,3496,2480,1.409677,8.6701,0,0,3496,104,11.846,26,0.759615,pixiv,1,,0,0,0,1,11,Wednesday,August,0
7069495,https://safebooru.org/index.php?page=post&s=view&id=7069495,e285b9008bf6,0,1536,2048,0.75,3.1457,1,1,2048,29,8.552,18,0.448276,twitter,1,,0,0,0,0,12,Wednesday,August,0
7075390,https://safebooru.org/index.php?page=post&s=view&id=7075390,e285b9008bf6,0,1000,1300,0.769231,1.3,0,1,1300,41,10.854,22,0.658537,twitter,1,,0,0,0,0,12,Friday,August,0
7075346,https://safebooru.org/index.php?page=post&s=view&id=7075346,e285b9008bf6,0,4175,3897,1.071337,16.27,0,0,4175,31,9.968,19,0.580645,pixiv,1,,0,0,0,1,12,Friday,August,0
6783786,https://safebooru.org/index.php?page=post&s=view&id=6783786,e285b9008bf6,1,1024,1536,0.666667,1.5729,1,1,1536,8,9.75,14,0.5,local_file,1,,0,0,0,0,2,Thursday,May,1
7069447,https://safebooru.org/index.php?page=post&s=view&id=7069447,e285b9008bf6,0,1299,1831,0.709448,2.3785,0,1,1831,22,11.545,49,0.363636,twitter,1,,0,0,0,1,11,Wednesday,August,0
6837873,https://safebooru.org/index.php?page=post&s=view&id=6837873,e285b9008bf6,1,768,768,1.0,0.5898,1,0,768,21,9.238,22,0.380952,pixiv,1,,0,0,0,0,21,Saturday,June,1
7075334,https://safebooru.org/index.php?page=post&s=view&id=7075334,e285b9008bf6,0,1448,2048,0.707031,2.9655,0,1,2048,49,10.714,27,0.734694,pixiv,1,,0,0,0,1,12,Friday,August,0
6629318,https://safebooru.org/index.php?page=post&s=view&id=6629318,e285b9008bf6,1,704,1472,0.478261,1.0363,0,1,1472,23,11.87,25,0.652174,twitter,1,1,0,0,0,0,22,Sunday,April,1
7075373,https://safebooru.org/index.php?page=post&s=view&id=7075373,e285b9008bf6,0,1191,1684,0.707245,2.0056,0,1,1684,31,10.903,20,0.709677,pixiv,1,,0,0,0,1,12,Friday,August,0
6694856,https://safebooru.org/index.php?page=post&s=view&id=6694856,e285b9008bf6,1,1024,1024,1.0,1.0486,1,0,1024,3,8.333,14,0.333333,local_file,1,,0,0,0,0,19,Friday,April,2
6623676,https://safebooru.org/index.php?page=post&s=view&id=6623676,e285b9008bf6,1,1344,1728,0.777778,2.3224,1,1,1728,7,15.714,25,0.571429,twitter,1,,0,0,0,1,9,Saturday,April,2
6895133,https://safebooru.org/index.php?page=post&s=view&id=6895133,e285b9008bf6,1,1447,2048,0.706543,2.9635,0,1,2048,27,9.481,20,0.407407,twitter,1,0,0,0,0,1,17,Monday,August,1
6649175,https://safebooru.org/index.php?page=post&s=view&id=6649175,e285b9008bf6,1,1943,2917,0.666095,5.6677,0,1,2917,16,8.0,17,0.375,pixiv,1,,0,0,0,1,1,Sunday,April,1
7069454,https://safebooru.org/index.php?page=post&s=view&id=7069454,e285b9008bf6,0,1006,1523,0.660538,1.5321,0,1,1523,35,9.943,22,0.657143,pixiv,1,,0,0,0,0,11,Wednesday,August,0
7075436,https://safebooru.org/index.php?page=post&s=view&id=7075436,e285b9008bf6,0,1283,2048,0.626465,2.6276,0,1,2048,30,10.533,26,0.666667,twitter,1,,0,0,0,1,12,Friday,August,0
6973345,https://safebooru.org/index.php?page=post&s=view&id=6973345,e285b9008bf6,1,768,1280,0.6,0.983,1,1,1280,30,11.5,23,0.633333,twitter,1,,0,0,0,0,6,Sunday,July,1
7075407,https://safebooru.org/index.php?page=post&s=view&id=7075407,e285b9008bf6,0,1084,1537,0.70527,1.6661,0,1,1537,33,11.667,27,0.787879,twitter,1,,0,0,0,1,12,Friday,August,0
7075999,https://safebooru.org/index.php?page=post&s=view&id=7075999,e285b9008bf6,0,724,1024,0.707031,0.7414,1,1,1024,19,10.316,21,0.578947,pixiv,1,,0,0,0,0,16,Friday,August,0
7069421,https://safebooru.org/index.php?page=post&s=view&id=7069421,e285b9008bf6,0,1299,1831,0.709448,2.3785,0,1,1831,32,11.781,49,0.65625,twitter,1,,0,0,0,1,11,Wednesday,August,0
7058387,https://safebooru.org/index.php?page=post&s=view&id=7058387,e285b9008bf6,1,986,1596,0.617794,1.5737,0,1,1596,23,10.87,23,0.652174,pixiv,1,,0,0,0,0,23,Saturday,August,1
7069440,https://safebooru.org/index.php?page=post&s=view&id=7069440,e285b9008bf6,0,1853,1051,1.763083,1.9475,0,0,1853,46,12.848,29,0.73913,twitter,1,,0,0,0,1,11,Wednesday,August,0
7076009,https://safebooru.org/index.php?page=post&s=view&id=7076009,e285b9008bf6,0,920,1250,0.736,1.15,0,1,1250,33,13.152,28,0.757576,twitter,1,,0,0,0,0,16,Friday,August,0
6932143,https://safebooru.org/index.php?page=post&s=view&id=6932143,e285b9008bf6,1,768,1280,0.6,0.983,1,1,1280,4,17.0,29,0.75,pixiv,1,,0,0,0,0,12,Sunday,July,1
7076023,https://safebooru.org/index.php?page=post&s=view&id=7076023,e285b9008bf6,0,726,1002,0.724551,0.7275,0,1,1002,55,9.745,18,0.581818,pixiv,1,,0,0,0,0,17,Friday,August,0
7058417,https://safebooru.org/index.php?page=post&s=view&id=7058417,e285b9008bf6,1,1024,1536,0.666667,1.5729,1,1,1536,25,10.68,23,0.64,pixiv,1,1,0,0,0,0,23,Saturday,August,1
6787071,https://safebooru.org/index.php?page=post&s=view&id=6787071,e285b9008bf6,1,1280,768,1.666667,0.983,1,0,1280,22,12.136,31,0.727273,twitter,1,,0,0,0,0,1,Friday,May,1
7076030,https://safebooru.org/index.php?page=post&s=view&id=7076030,e285b9008bf6,0,1023,1447,0.70698,1.4803,0,1,1447,31,11.0,37,0.580645,twitter,1,,0,0,0,0,17,Friday,August,0
7058411,https://safebooru.org/index.php?page=post&s=view&id=7058411,e285b9008bf6,1,1055,1491,0.707579,1.573,0,1,1491,26,11.115,23,0.692308,pixiv,1,,0,0,0,0,23,Saturday,August,1
6874973,https://safebooru.org/index.php?page=post&s=view&id=6874973,e285b9008bf6,1,2158,3233,0.667491,6.9768,0,1,3233,39,10.333,19,0.641026,twitter,1,2,0,0,0,1,20,Wednesday,June,1
6925937,https://safebooru.org/index.php?page=post&s=view&id=6925937,e285b9008bf6,1,768,1280,0.6,0.983,1,1,1280,20,9.6,30,0.4,other,1,1,0,0,0,0,18,Friday,July,1
7075380,https://safebooru.org/index.php?page=post&s=view&id=7075380,e285b9008bf6,0,2894,4093,0.707061,11.8451,0,1,4093,59,10.525,25,0.627119,pixiv,1,,0,0,0,1,12,Friday,August,0
6981886,https://safebooru.org/index.php?page=post&s=view&id=6981886,e285b9008bf6,1,3584,3584,1.0,12.8451,0,0,3584,14,8.929,17,0.357143,local_file,1,1,0,0,0,1,1,Wednesday,July,1
6931334,https://safebooru.org/index.php?page=post&s=view&id=6931334,e285b9008bf6,1,916,905,1.012155,0.829,0,0,916,34,9.735,20,0.5,pixiv,1,,0,0,0,0,6,Sunday,July,1
7058420,https://safebooru.org/index.php?page=post&s=view&id=7058420,e285b9008bf6,1,986,1595,0.618182,1.5727,0,1,1595,26,10.923,23,0.653846,pixiv,1,1,0,0,0,0,23,Saturday,August,1
7084849,https://safebooru.org/index.php?page=post&s=view&id=7084849,e285b9008bf6,1,768,1280,0.6,0.983,1,1,1280,43,11.233,40,0.581395,twitter,1,,0,0,0,0,17,Monday,August,1
7075414,https://safebooru.org/index.php?page=post&s=view&id=7075414,e285b9008bf6,0,1536,2048,0.75,3.1457,1,1,2048,34,10.794,27,0.617647,twitter,1,,0,0,0,1,12,Friday,August,0
6720133,https://safebooru.org/index.php?page=post&s=view&id=6720133,e285b9008bf6,1,832,1216,0.684211,1.0117,1,1,1216,31,10.968,19,0.645161,twitter,1,,0,0,0,0,12,Saturday,May,1
7058380,https://safebooru.org/index.php?page=post&s=view&id=7058380,e285b9008bf6,1,1055,1491,0.707579,1.573,0,1,1491,28,9.75,23,0.535714,pixiv,1,,0,0,0,0,23,Saturday,August,1
7075991,https://safebooru.org/index.php?page=post&s=view&id=7075991,e285b9008bf6,0,1320,1651,0.799515,2.1793,0,1,1651,28,11.5,23,0.678571,pixiv,1,,0,0,0,1,16,Friday,August,0
7063669,https://safebooru.org/index.php?page=post&s=view&id=7063669,e285b9008bf6,1,452,678,0.666667,0.3065,0,1,678,12,15.167,47,0.75,local_file,1,,0,0,0,0,15,Monday,August,1
6614522,https://safebooru.org/index.php?page=post&s=view&id=6614522,e285b9008bf6,1,772,1024,0.753906,0.7905,1,1,1024,28,10.929,21,0.642857,twitter,1,,0,0,0,0,14,Wednesday,April,1
7018518,https://safebooru.org/index.php?page=post&s=view&id=7018518,e285b9008bf6,1,720,960,0.75,0.6912,0,1,960,15,9.133,19,0.6,other,1,,0,0,0,0,16,Monday,August,1
7058407,https://safebooru.org/index.php?page=post&s=view&id=7058407,e285b9008bf6,1,916,1717,0.533489,1.5728,0,1,1717,27,10.333,23,0.592593,pixiv,1,,0,0,0,0,23,Saturday,August,1
6609514,https://safebooru.org/index.php?page=post&s=view&id=6609514,e285b9008bf6,1,1024,1024,1.0,1.0486,1,0,1024,13,8.923,15,0.384615,twitter,1,,0,0,0,0,2,Tuesday,March,1
6817458,https://safebooru.org/index.php?page=post&s=view&id=6817458,e285b9008bf6,1,1536,2560,0.6,3.9322,1,1,2560,4,11.75,18,0.5,pixiv,1,,0,0,0,1,14,Sunday,May,1
6949315,https://safebooru.org/index.php?page=post&s=view&id=6949315,e285b9008bf6,1,2137,480,4.452083,1.0258,0,0,2137,28,8.643,14,0.535714,pixiv,1,,0,0,0,1,23,Friday,July,1
7075359,https://safebooru.org/index.php?page=post&s=view&id=7075359,e285b9008bf6,0,3821,3057,1.249918,11.6808,0,0,3821,29,10.655,22,0.689655,twitter,1,,0,0,0,1,12,Friday,August,0
6835192,https://safebooru.org/index.php?page=post&s=view&id=6835192,e285b9008bf6,1,843,1264,0.66693,1.0656,0,1,1264,10,13.1,29,0.6,pixiv,1,,0,0,0,0,2,Saturday,June,1
7075392,https://safebooru.org/index.php?page=post&s=view&id=7075392,e285b9008bf6,0,1000,1350,0.740741,1.35,0,1,1350,53,10.302,19,0.660377,twitter,1,,0,0,0,0,12,Friday,August,0
7075367,https://safebooru.org/index.php?page=post&s=view&id=7075367,e285b9008bf6,0,2251,1592,1.413945,3.5836,0,0,2251,63,10.127,21,0.603175,twitter,1,,0,0,0,1,12,Friday,August,0
7075959,https://safebooru.org/index.php?page=post&s=view&id=7075959,e285b9008bf6,0,1078,1315,0.819772,1.4176,0,1,1315,25,11.08,22,0.64,twitter,1,,0,0,0,0,16,Friday,August,0
7058418,https://safebooru.org/index.php?page=post&s=view&id=7058418,e285b9008bf6,1,1034,1521,0.679816,1.5727,0,1,1521,24,10.917,23,0.666667,pixiv,1,1,0,0,0,0,23,Saturday,August,1
6931330,https://safebooru.org/index.php?page=post&s=view&id=6931330,e285b9008bf6,1,2295,1600,1.434375,3.672,0,0,2295,31,9.258,18,0.451613,pixiv,1,1,0,0,0,1,6,Sunday,July,1
7075377,https://safebooru.org/index.php?page=post&s=view&id=7075377,e285b9008bf6,0,1449,2048,0.70752,2.9676,0,1,2048,75,9.893,27,0.613333,twitter,1,1,0,0,0,1,12,Friday,August,0
7075987,https://safebooru.org/index.php?page=post&s=view&id=7075987,e285b9008bf6,0,2003,1418,1.412553,2.8403,0,0,2003,43,9.907,28,0.511628,twitter,1,,0,0,0,1,16,Friday,August,0
7075395,https://safebooru.org/index.php?page=post&s=view&id=7075395,e285b9008bf6,0,3130,4096,0.76416,12.8205,0,1,4096,44,11.659,26,0.681818,twitter,1,,0,0,0,1,12,Friday,August,0
7069475,https://safebooru.org/index.php?page=post&s=view&id=7069475,e285b9008bf6,0,1400,2107,0.664452,2.9498,0,1,2107,55,11.491,29,0.672727,local_file,1,,0,0,0,1,12,Wednesday,August,0
6909566,https://safebooru.org/index.php?page=post&s=view&id=6909566,e285b9008bf6,1,1024,1535,0.667101,1.5718,1,1,1535,18,13.0,37,0.555556,local_file,1,,0,0,0,0,12,Sunday,June,1
6752341,https://safebooru.org/index.php?page=post&s=view&id=6752341,e285b9008bf6,1,1139,1381,0.824765,1.573,0,1,1381,27,9.852,17,0.481481,local_file,1,,0,0,0,1,21,Monday,May,1
7076035,https://safebooru.org/index.php?page=post&s=view&id=7076035,e285b9008bf6,0,1000,1414,0.707214,1.414,0,1,1414,20,10.35,22,0.55,twitter,1,,0,0,0,0,17,Friday,August,0
6844071,https://safebooru.org/index.php?page=post&s=view&id=6844071,e285b9008bf6,1,704,1488,0.473118,1.0476,0,1,1488,19,11.0,19,0.684211,pixiv,1,,0,0,0,0,20,Monday,June,1
6838543,https://safebooru.org/index.php?page=post&s=view&id=6838543,e285b9008bf6,1,1023,1537,0.665582,1.5724,0,1,1537,9,9.444,17,0.666667,local_file,1,,0,0,0,0,3,Sunday,June,1
7010809,https://safebooru.org/index.php?page=post&s=view&id=7010809,e285b9008bf6,1,1024,1536,0.666667,1.5729,1,1,1536,34,11.471,35,0.647059,pixiv,1,,0,0,0,0,4,Saturday,August,1
7076010,https://safebooru.org/index.php?page=post&s=view&id=7076010,e285b9008bf6,0,1100,800,1.375,0.88,0,0,1100,22,12.045,22,0.681818,pixiv,1,,0,0,0,1,17,Friday,August,0
7069485,https://safebooru.org/index.php?page=post&s=view&id=7069485,e285b9008bf6,0,4096,2236,1.831843,9.1587,0,0,4096,30,10.233,19,0.6,twitter,1,,0,0,0,1,12,Wednesday,August,0
6689050,https://safebooru.org/index.php?page=post&s=view&id=6689050,e285b9008bf6,1,1239,1270,0.975591,1.5735,0,1,1270,6,12.667,22,0.5,local_file,1,1,0,0,0,1,4,Thursday,April,1
6649239,https://safebooru.org/index.php?page=post&s=view&id=6649239,e285b9008bf6,1,2320,3483,0.666092,8.0806,0,1,3483,18,8.722,23,0.444444,pixiv,1,,0,0,0,1,1,Sunday,April,1
6978776,https://safebooru.org/index.php?page=post&s=view&id=6978776,e285b9008bf6,1,1098,1433,0.766225,1.5734,0,1,1433,26,8.923,16,0.5,local_file,1,,0,0,0,1,1,Tuesday,July,1
7069407,https://safebooru.org/index.php?page=post&s=view&id=7069407,e285b9008bf6,0,4096,2457,1.667074,10.0639,0,0,4096,35,9.514,20,0.571429,twitter,1,,0,0,0,1,11,Wednesday,August,0
6782775,https://safebooru.org/index.php?page=post&s=view&id=6782775,e285b9008bf6,1,1280,1280,1.0,1.6384,0,0,1280,31,9.419,22,0.516129,twitter,1,,0,0,0,1,20,Wednesday,May,1
6622623,https://safebooru.org/index.php?page=post&s=view&id=6622623,e285b9008bf6,1,636,640,0.99375,0.407,1,1,640,17,12.294,23,0.764706,local_file,1,,0,0,0,0,2,Saturday,April,1
7058334,https://safebooru.org/index.php?page=post&s=view&id=7058334,e285b9008bf6,1,941,1672,0.562799,1.5734,0,1,1672,23,11.13,23,0.652174,pixiv,1,,0,0,0,0,23,Saturday,August,1
7075435,https://safebooru.org/index.php?page=post&s=view&id=7075435,e285b9008bf6,0,1200,1600,0.75,1.92,0,1,1600,59,11.0,27,0.694915,pixiv,1,,0,0,0,1,12,Friday,August,0
7034800,https://safebooru.org/index.php?page=post&s=view&id=7034800,e285b9008bf6,1,3168,1344,2.357143,4.2578,1,0,3168,34,11.412,41,0.647059,twitter,1,2,0,0,0,1,16,Saturday,August,1
7075355,https://safebooru.org/index.php?page=post&s=view&id=7075355,e285b9008bf6,0,1855,2506,0.740223,4.6486,0,1,2506,40,11.125,38,0.625,twitter,1,,0,0,0,1,12,Friday,August,0
6697592,https://safebooru.org/index.php?page=post&s=view&id=6697592,e285b9008bf6,1,450,579,0.777202,0.2606,0,1,579,11,7.818,12,0.363636,other,1,,0,0,0,0,15,Saturday,April,1
7076001,https://safebooru.org/index.php?page=post&s=view&id=7076001,e285b9008bf6,0,1536,2048,0.75,3.1457,1,1,2048,29,11.0,27,0.62069,twitter,1,,0,0,0,1,16,Friday,August,0
7075386,https://safebooru.org/index.php?page=post&s=view&id=7075386,e285b9008bf6,0,2716,1698,1.599529,4.6118,0,0,2716,26,9.846,17,0.538462,twitter,1,,0,0,0,1,12,Friday,August,0
7075374,https://safebooru.org/index.php?page=post&s=view&id=7075374,e285b9008bf6,0,2080,2894,0.718728,6.0195,0,1,2894,47,11.468,27,0.702128,twitter,1,,0,0,0,1,12,Friday,August,0
7023838,https://safebooru.org/index.php?page=post&s=view&id=7023838,e285b9008bf6,1,998,1086,0.918969,1.0838,0,1,1086,25,10.68,18,0.48,twitter,1,,0,0,0,0,9,Wednesday,August,1
6957575,https://safebooru.org/index.php?page=post&s=view&id=6957575,e285b9008bf6,1,768,1280,0.6,0.983,1,1,1280,10,7.5,16,0.3,local_file,1,,0,0,0,0,16,Monday,July,1
7069428,https://safebooru.org/index.php?page=post&s=view&id=7069428,e285b9008bf6,0,3024,4299,0.703419,13.0002,0,1,4299,63,10.571,20,0.714286,pixiv,1,,0,0,0,1,11,Wednesday,August,0
7069449,https://safebooru.org/index.php?page=post&s=view&id=7069449,e285b9008bf6,0,1184,2000,0.592,2.368,0,1,2000,34,9.588,22,0.529412,other,1,,0,0,0,1,11,Wednesday,August,0
7069482,https://safebooru.org/index.php?page=post&s=view&id=7069482,e285b9008bf6,0,2304,3072,0.75,7.0779,0,1,3072,32,10.406,31,0.65625,pixiv,1,,0,0,0,1,12,Wednesday,August,0
6654967,https://safebooru.org/index.php?page=post&s=view&id=6654967,e285b9008bf6,1,1800,2300,0.782609,4.14,0,1,2300,36,9.806,23,0.527778,twitter,1,,0,0,0,1,13,Monday,April,1
7075951,https://safebooru.org/index.php?page=post&s=view&id=7075951,e285b9008bf6,0,1300,1500,0.866667,1.95,0,1,1500,26,11.808,20,0.730769,pixiv,1,,0,0,0,1,16,Friday,August,0
7085961,https://safebooru.org/index.php?page=post&s=view&id=7085961,e285b9008bf6,1,1467,2144,0.684235,3.1452,0,1,2144,78,12.026,54,0.666667,twitter,1,,0,0,0,1,3,Tuesday,August,1
7069426,https://safebooru.org/index.php?page=post&s=view&id=7069426,e285b9008bf6,0,1299,1831,0.709448,2.3785,0,1,1831,34,11.824,49,0.588235,twitter,1,1,0,0,0,1,11,Wednesday,August,0
7075383,https://safebooru.org/index.php?page=post&s=view&id=7075383,e285b9008bf6,0,2862,4096,0.69873,11.7228,0,1,4096,41,10.951,27,0.634146,twitter,1,,0,0,0,1,12,Friday,August,0
7069480,https://safebooru.org/index.php?page=post&s=view&id=7069480,e285b9008bf6,0,2687,3800,0.707105,10.2106,0,1,3800,33,11.455,38,0.606061,twitter,1,1,0,0,0,1,12,Wednesday,August,0
6913728,https://safebooru.org/index.php?page=post&s=view&id=6913728,e285b9008bf6,1,1130,1037,1.089682,1.1718,0,0,1130,19,11.0,21,0.684211,twitter,1,,0,0,0,0,19,Monday,June,1
6768771,https://safebooru.org/index.php?page=post&s=view&id=6768771,e285b9008bf6,1,1000,1000,1.0,1.0,0,0,1000,18,11.333,27,0.555556,other,1,,0,0,0,0,7,Saturday,May,1
7076034,https://safebooru.org/index.php?page=post&s=view&id=7076034,e285b9008bf6,0,1010,698,1.446991,0.705,0,0,1010,28,11.357,27,0.678571,pixiv,1,,0,0,0,0,17,Friday,August,0
7075438,https://safebooru.org/index.php?page=post&s=view&id=7075438,e285b9008bf6,0,1448,2048,0.707031,2.9655,0,1,2048,37,11.946,26,0.783784,twitter,1,,0,0,0,1,12,Friday,August,0
6685563,https://safebooru.org/index.php?page=post&s=view&id=6685563,e285b9008bf6,1,1920,3840,0.5,7.3728,0,1,3840,22,9.409,22,0.363636,twitter,1,,0,0,0,1,4,Wednesday,April,1
6903481,https://safebooru.org/index.php?page=post&s=view&id=6903481,e285b9008bf6,1,2384,2651,0.899283,6.32,0,1,2651,23,8.609,20,0.304348,twitter,1,,0,0,0,1,14,Friday,June,1
7075977,https://safebooru.org/index.php?page=post&s=view&id=7075977,e285b9008bf6,0,880,1200,0.733333,1.056,0,1,1200,34,10.147,22,0.676471,other,1,,0,0,0,0,16,Friday,August,0
6915329,https://safebooru.org/index.php?page=post&s=view&id=6915329,e285b9008bf6,1,1122,1402,0.800285,1.573,0,1,1402,27,9.889,19,0.592593,twitter,1,,0,0,0,0,12,Tuesday,June,1
7058362,https://safebooru.org/index.php?page=post&s=view&id=7058362,e285b9008bf6,1,1057,1488,0.710349,1.5728,0,1,1488,28,10.036,23,0.571429,pixiv,1,,0,0,0,0,23,Saturday,August,1
7076039,https://safebooru.org/index.php?page=post&s=view&id=7076039,e285b9008bf6,0,2297,4096,0.560791,9.4085,0,1,4096,62,11.935,30,0.709677,twitter,1,,0,0,0,1,17,Friday,August,0
6991682,https://safebooru.org/index.php?page=post&s=view&id=6991682,e285b9008bf6,1,1280,1920,0.666667,2.4576,0,1,1920,33,10.0,19,0.515152,pixiv,1,,0,0,0,1,9,Saturday,July,1
7075960,https://safebooru.org/index.php?page=post&s=view&id=7075960,e285b9008bf6,0,3256,3117,1.044594,10.149,0,0,3256,19,10.421,17,0.526316,twitter,1,,0,0,0,1,16,Friday,August,0
7075340,https://safebooru.org/index.php?page=post&s=view&id=7075340,e285b9008bf6,0,2220,3141,0.706781,6.973,0,1,3141,57,11.105,25,0.666667,pixiv,1,1,0,0,0,1,12,Friday,August,0
7058356,https://safebooru.org/index.php?page=post&s=view&id=7058356,e285b9008bf6,1,941,1672,0.562799,1.5734,0,1,1672,24,10.333,23,0.583333,pixiv,1,,0,0,0,0,23,Saturday,August,1
6877235,https://safebooru.org/index.php?page=post&s=view&id=6877235,e285b9008bf6,1,1280,1856,0.689655,2.3757,0,1,1856,16,11.438,24,0.625,twitter,1,,0,0,0,1,11,Thursday,June,1
7075972,https://safebooru.org/index.php?page=post&s=view&id=7075972,e285b9008bf6,0,1451,2048,0.708496,2.9716,0,1,2048,33,11.455,30,0.666667,twitter,1,,0,0,0,0,16,Friday,August,0
7075376,https://safebooru.org/index.php?page=post&s=view&id=7075376,e285b9008bf6,0,3840,2160,1.777778,8.2944,0,0,3840,75,8.827,18,0.466667,pixiv,1,,0,0,0,1,12,Friday,August,0
6788184,https://safebooru.org/index.php?page=post&s=view&id=6788184,e285b9008bf6,1,821,1200,0.684167,0.9852,0,1,1200,20,10.6,34,0.45,twitter,1,,0,0,0,0,11,Friday,May,1
7069441,https://safebooru.org/index.php?page=post&s=view&id=7069441,e285b9008bf6,0,2480,3508,0.706956,8.6998,0,1,3508,43,9.86,19,0.651163,twitter,1,,0,0,0,1,11,Wednesday,August,0
6842245,https://safebooru.org/index.php?page=post&s=view&id=6842245,e285b9008bf6,1,2048,2133,0.96015,4.3684,0,1,2133,37,10.297,25,0.567568,twitter,1,,0,0,0,1,6,Monday,June,1
7075388,https://safebooru.org/index.php?page=post&s=view&id=7075388,e285b9008bf6,0,3166,4096,0.772949,12.9679,0,1,4096,54,10.093,25,0.555556,twitter,1,,0,0,0,1,12,Friday,August,0
6922601,https://safebooru.org/index.php?page=post&s=view&id=6922601,e285b9008bf6,1,1664,2432,0.684211,4.0468,0,1,2432,18,10.722,18,0.555556,twitter,1,,0,0,0,1,18,Thursday,July,1
7075352,https://safebooru.org/index.php?page=post&s=view&id=7075352,e285b9008bf6,0,1998,2030,0.984236,4.0559,0,1,2030,69,10.435,26,0.637681,twitter,1,,0,0,0,1,12,Friday,August,0
6849619,https://safebooru.org/index.php?page=post&s=view&id=6849619,e285b9008bf6,1,512,768,0.666667,0.3932,1,1,768,12,9.5,18,0.666667,local_file,1,0,0,0,0,0,19,Wednesday,June,1
7025107,https://safebooru.org/index.php?page=post&s=view&id=7025107,e285b9008bf6,1,799,1200,0.665833,0.9588,0,1,1200,49,10.49,28,0.591837,twitter,1,,0,0,0,0,17,Wednesday,August,1
7075338,https://safebooru.org/index.php?page=post&s=view&id=7075338,e285b9008bf6,0,1851,3000,0.617,5.553,0,1,3000,105,10.724,19,0.666667,twitter,1,,0,0,0,1,12,Friday,August,0
7069399,https://safebooru.org/index.php?page=post&s=view&id=7069399,e285b9008bf6,0,625,964,0.64834,0.6025,0,1,964,33,11.182,27,0.727273,twitter,1,,0,0,0,0,11,Wednesday,August,0
7075349,https://safebooru.org/index.php?page=post&s=view&id=7075349,e285b9008bf6,0,1280,720,1.777778,0.9216,0,0,1280,51,12.059,34,0.764706,other,1,,0,0,0,1,12,Friday,August,0
7058409,https://safebooru.org/index.php?page=post&s=view&id=7058409,e285b9008bf6,1,1412,1114,1.267504,1.573,0,0,1412,21,11.429,23,0.714286,pixiv,1,,0,0,0,1,23,Saturday,August,1
7069406,https://safebooru.org/index.php?page=post&s=view&id=7069406,e285b9008bf6,0,1000,1000,1.0,1.0,0,0,1000,53,9.509,18,0.622642,pixiv,1,,0,0,0,0,11,Wednesday,August,0
7075976,https://safebooru.org/index.php?page=post&s=view&id=7075976,e285b9008bf6,0,2756,4096,0.672852,11.2886,0,1,4096,33,9.273,20,0.424242,twitter,1,,0,0,0,1,16,Friday,August,0
7075986,https://safebooru.org/index.php?page=post&s=view&id=7075986,e285b9008bf6,0,2768,3888,0.711934,10.762,0,1,3888,31,11.29,21,0.677419,pixiv,1,,0,0,0,1,16,Friday,August,0
7075997,https://safebooru.org/index.php?page=post&s=view&id=7075997,e285b9008bf6,0,900,1384,0.650289,1.2456,0,1,1384,41,11.122,25,0.707317,twitter,1,,0,0,0,0,16,Friday,August,0
7075978,https://safebooru.org/index.php?page=post&s=view&id=7075978,e285b9008bf6,0,1080,1920,0.5625,2.0736,0,1,1920,62,10.145,19,0.629032,pixiv,1,,0,0,0,1,16,Friday,August,0
6709817,https://safebooru.org/index.php?page=post&s=view&id=6709817,e285b9008bf6,1,1024,1088,0.941176,1.1141,1,1,1088,4,17.0,35,0.75,local_file,1,,0,0,0,0,5,Wednesday,April,1
7076037,https://safebooru.org/index.php?page=post&s=view&id=7076037,e285b9008bf6,0,1375,2040,0.67402,2.805,0,1,2040,106,10.292,27,0.613208,twitter,1,,0,0,0,1,17,Friday,August,0
7075439,https://safebooru.org/index.php?page=post&s=view&id=7075439,e285b9008bf6,0,3164,5302,0.596756,16.7755,0,1,5302,21,8.524,18,0.285714,pixiv,1,,0,0,0,1,12,Friday,August,0
7069489,https://safebooru.org/index.php?page=post&s=view&id=7069489,e285b9008bf6,0,2304,3072,0.75,7.0779,0,1,3072,27,11.185,22,0.592593,twitter,1,,0,0,0,1,12,Wednesday,August,0
7058410,https://safebooru.org/index.php?page=post&s=view&id=7058410,e285b9008bf6,1,1122,1402,0.800285,1.573,0,1,1402,22,11.227,23,0.681818,pixiv,1,,0,0,0,1,23,Saturday,August,1
7058370,https://safebooru.org/index.php?page=post&s=view&id=7058370,e285b9008bf6,1,970,1622,0.598027,1.5733,0,1,1622,22,11.227,23,0.681818,pixiv,1,1,0,0,0,0,23,Saturday,August,1
6625921,https://safebooru.org/index.php?page=post&s=view&id=6625921,e285b9008bf6,1,896,1152,0.777778,1.0322,1,1,1152,21,11.667,23,0.52381,twitter,1,2,0,0,0,0,1,Sunday,April,1
6632006,https://safebooru.org/index.php?page=post&s=view&id=6632006,e285b9008bf6,1,1744,1744,1.0,3.0415,0,0,1744,3,5.667,7,0.0,twitter,1,0,0,0,0,1,12,Friday,May,2
6931336,https://safebooru.org/index.php?page=post&s=view&id=6931336,e285b9008bf6,1,914,905,1.009945,0.8272,0,0,914,21,9.905,18,0.47619,pixiv,1,,0,0,0,0,6,Sunday,July,1
6800752,https://safebooru.org/index.php?page=post&s=view&id=6800752,e285b9008bf6,1,1024,1536,0.666667,1.5729,1,1,1536,6,8.833,17,0.333333,art_platform,1,,0,0,0,0,6,Tuesday,May,1
7075415,https://safebooru.org/index.php?page=post&s=view&id=7075415,e285b9008bf6,0,2894,4093,0.707061,11.8451,0,1,4093,45,9.8,19,0.577778,pixiv,1,,0,0,0,1,12,Friday,August,0
6817456,https://safebooru.org/index.php?page=post&s=view&id=6817456,e285b9008bf6,1,1536,2560,0.6,3.9322,1,1,2560,4,11.75,18,0.5,pixiv,1,,0,0,0,1,14,Sunday,May,1
7069414,https://safebooru.org/index.php?page=post&s=view&id=7069414,e285b9008bf6,0,1200,1810,0.662983,2.172,0,1,1810,27,11.889,31,0.666667,pixiv,1,,0,0,0,1,11,Wednesday,August,0
6973762,https://safebooru.org/index.php?page=post&s=view&id=6973762,e285b9008bf6,1,848,1280,0.6625,1.0854,0,1,1280,29,11.414,25,0.62069,twitter,1,,0,0,0,0,9,Sunday,July,1
7075394,https://safebooru.org/index.php?page=post&s=view&id=7075394,e285b9008bf6,0,4961,7016,0.707098,34.8064,0,1,7016,18,11.556,23,0.611111,pixiv,1,,0,0,0,1,12,Friday,August,0
7075425,https://safebooru.org/index.php?page=post&s=view&id=7075425,e285b9008bf6,0,1448,2048,0.707031,2.9655,0,1,2048,37,11.757,26,0.702703,twitter,1,,0,0,0,1,12,Friday,August,0
6632000,https://safebooru.org/index.php?page=post&s=view&id=6632000,e285b9008bf6,1,1280,768,1.666667,0.983,1,0,1280,4,6.0,8,0.0,twitter,1,0,0,0,0,0,12,Friday,May,2
6690966,https://safebooru.org/index.php?page=post&s=view&id=6690966,e285b9008bf6,1,1080,840,1.285714,0.9072,0,0,1080,8,8.25,14,0.25,local_file,1,1,0,0,0,1,17,Thursday,April,1
7069069,https://safebooru.org/index.php?page=post&s=view&id=7069069,e285b9008bf6,1,2705,1510,1.791391,4.0846,0,0,2705,49,10.143,21,0.591837,pixiv,1,,0,0,0,1,8,Wednesday,August,1
7069492,https://safebooru.org/index.php?page=post&s=view&id=7069492,e285b9008bf6,0,2462,3478,0.707878,8.5628,0,1,3478,46,9.413,27,0.521739,pixiv,1,,0,0,0,1,12,Wednesday,August,0
7069398,https://safebooru.org/index.php?page=post&s=view&id=7069398,e285b9008bf6,0,3000,2000,1.5,6.0,0,0,3000,50,11.6,37,0.74,pixiv,1,,0,0,0,1,11,Wednesday,August,0
7069443,https://safebooru.org/index.php?page=post&s=view&id=7069443,e285b9008bf6,0,3072,4096,0.75,12.5829,0,1,4096,56,11.036,36,0.571429,other,1,,0,0,0,1,11,Wednesday,August,0
7023220,https://safebooru.org/index.php?page=post&s=view&id=7023220,e285b9008bf6,1,933,1199,0.778148,1.1187,0,1,1199,34,9.324,18,0.529412,twitter,1,,0,0,0,0,5,Wednesday,August,1
6753656,https://safebooru.org/index.php?page=post&s=view&id=6753656,e285b9008bf6,1,1024,1024,1.0,1.0486,1,0,1024,3,16.667,25,1.0,local_file,1,,0,0,0,0,8,Tuesday,May,2
7069415,https://safebooru.org/index.php?page=post&s=view&id=7069415,e285b9008bf6,0,1299,1831,0.709448,2.3785,0,1,1831,21,12.476,49,0.428571,twitter,1,,0,0,0,1,11,Wednesday,August,0
7075968,https://safebooru.org/index.php?page=post&s=view&id=7075968,e285b9008bf6,0,2039,2894,0.704561,5.9009,0,1,2894,45,10.578,19,0.644444,pixiv,1,,0,0,0,1,16,Friday,August,0
6689680,https://safebooru.org/index.php?page=post&s=view&id=6689680,e285b9008bf6,1,832,1216,0.684211,1.0117,1,1,1216,16,11.25,28,0.6875,local_file,1,,0,0,0,0,9,Thursday,April,1
7075366,https://safebooru.org/index.php?page=post&s=view&id=7075366,e285b9008bf6,0,1032,1417,0.728299,1.4623,0,1,1417,31,10.419,21,0.677419,twitter,1,,0,0,0,0,12,Friday,August,0
6624431,https://safebooru.org/index.php?page=post&s=view&id=6624431,e285b9008bf6,1,1024,1536,0.666667,1.5729,1,1,1536,14,9.357,17,0.357143,local_file,1,,0,0,0,0,15,Saturday,April,1
6662950,https://safebooru.org/index.php?page=post&s=view&id=6662950,e285b9008bf6,1,1536,1024,1.5,1.5729,1,0,1536,6,9.833,24,0.166667,pixiv,1,,0,0,0,1,2,Thursday,April,1
7069474,https://safebooru.org/index.php?page=post&s=view&id=7069474,e285b9008bf6,0,2048,2044,1.001957,4.1861,0,0,2048,25,10.36,27,0.6,twitter,1,,0,0,0,1,12,Wednesday,August,0
7076041,https://safebooru.org/index.php?page=post&s=view&id=7076041,e285b9008bf6,0,1407,2000,0.7035,2.814,0,1,2000,39,12.154,36,0.692308,twitter,1,,0,0,0,1,17,Friday,August,0
7076033,https://safebooru.org/index.php?page=post&s=view&id=7076033,e285b9008bf6,0,1556,1140,1.364912,1.7738,0,0,1556,56,13.625,39,0.75,twitter,1,,0,0,0,1,17,Friday,August,0
7076044,https://safebooru.org/index.php?page=post&s=view&id=7076044,e285b9008bf6,0,2480,3508,0.706956,8.6998,0,1,3508,41,11.61,43,0.609756,pixiv,1,,0,0,0,1,17,Friday,August,0
7075983,https://safebooru.org/index.php?page=post&s=view&id=7075983,e285b9008bf6,0,2000,2143,0.933271,4.286,0,1,2143,39,10.333,20,0.615385,pixiv,1,,0,0,0,1,16,Friday,August,0
7075409,https://safebooru.org/index.php?page=post&s=view&id=7075409,e285b9008bf6,0,2060,3056,0.674084,6.2954,0,1,3056,30,9.967,18,0.533333,twitter,1,,0,0,0,1,12,Friday,August,0
7069419,https://safebooru.org/index.php?page=post&s=view&id=7069419,e285b9008bf6,0,1000,1000,1.0,1.0,0,0,1000,40,11.175,27,0.725,twitter,1,,0,0,0,0,11,Wednesday,August,0
7076036,https://safebooru.org/index.php?page=post&s=view&id=7076036,e285b9008bf6,0,769,1089,0.706152,0.8374,0,1,1089,48,11.0,25,0.729167,twitter,1,,0,0,0,0,17,Friday,August,0
7061173,https://safebooru.org/index.php?page=post&s=view&id=7061173,e285b9008bf6,1,768,1024,0.75,0.7864,1,1,1024,19,11.947,30,0.789474,twitter,1,,0,0,0,0,21,Sunday,August,1
6735452,https://safebooru.org/index.php?page=post&s=view&id=6735452,e285b9008bf6,1,1368,2000,0.684,2.736,0,1,2000,28,8.893,19,0.5,twitter,1,1,0,0,0,0,1,Thursday,May,1
6909141,https://safebooru.org/index.php?page=post&s=view&id=6909141,e285b9008bf6,1,1664,2432,0.684211,4.0468,0,1,2432,45,11.089,47,0.6,twitter,1,1,0,0,0,1,9,Sunday,June,1
7075393,https://safebooru.org/index.php?page=post&s=view&id=7075393,e285b9008bf6,0,1644,2792,0.588825,4.59,0,1,2792,22,10.273,19,0.545455,pixiv,1,,0,0,0,1,12,Friday,August,0
7075411,https://safebooru.org/index.php?page=post&s=view&id=7075411,e285b9008bf6,0,1508,2048,0.736328,3.0884,0,1,2048,23,10.087,17,0.652174,twitter,1,,0,0,0,1,12,Friday,August,0
7075434,https://safebooru.org/index.php?page=post&s=view&id=7075434,e285b9008bf6,0,2480,3508,0.706956,8.6998,0,1,3508,27,11.667,26,0.740741,other,1,,0,0,0,1,12,Friday,August,0
7058335,https://safebooru.org/index.php?page=post&s=view&id=7058335,e285b9008bf6,1,1536,1024,1.5,1.5729,1,0,1536,22,11.136,23,0.681818,pixiv,1,,0,0,0,1,23,Saturday,August,1
6632001,https://safebooru.org/index.php?page=post&s=view&id=6632001,e285b9008bf6,1,2048,1232,1.662338,2.5231,0,0,2048,4,6.25,8,0.0,twitter,1,0,0,0,0,1,12,Friday,May,2
6623695,https://safebooru.org/index.php?page=post&s=view&id=6623695,e285b9008bf6,1,1664,2432,0.684211,4.0468,0,1,2432,4,10.0,14,0.25,local_file,1,,0,0,0,1,9,Saturday,April,1
7069468,https://safebooru.org/index.php?page=post&s=view&id=7069468,e285b9008bf6,0,1748,2480,0.704839,4.335,0,1,2480,35,11.6,25,0.685714,pixiv,1,,0,0,0,1,12,Wednesday,August,0
6885537,https://safebooru.org/index.php?page=post&s=view&id=6885537,e285b9008bf6,1,1080,1440,0.75,1.5552,0,1,1440,18,11.444,21,0.666667,twitter,1,1,0,0,0,0,0,Sunday,June,1
7075948,https://safebooru.org/index.php?page=post&s=view&id=7075948,e285b9008bf6,0,1365,2048,0.666504,2.7955,0,1,2048,42,11.643,28,0.690476,twitter,1,,0,0,0,1,16,Friday,August,0
7018499,https://safebooru.org/index.php?page=post&s=view&id=7018499,e285b9008bf6,1,720,960,0.75,0.6912,0,1,960,15,13.267,38,0.666667,other,1,,0,0,0,0,16,Monday,August,1
6646080,https://safebooru.org/index.php?page=post&s=view&id=6646080,e285b9008bf6,1,1536,1024,1.5,1.5729,1,0,1536,6,12.333,17,0.833333,local_file,1,,0,0,0,1,2,Saturday,April,1
7076038,https://safebooru.org/index.php?page=post&s=view&id=7076038,e285b9008bf6,0,2500,3700,0.675676,9.25,0,1,3700,24,10.333,22,0.583333,other,1,,0,0,0,1,17,Friday,August,0
7069429,https://safebooru.org/index.php?page=post&s=view&id=7069429,e285b9008bf6,0,3024,4299,0.703419,13.0002,0,1,4299,52,11.327,26,0.730769,pixiv,1,,0,0,0,1,11,Wednesday,August,0
7075420,https://safebooru.org/index.php?page=post&s=view&id=7075420,e285b9008bf6,0,711,1024,0.694336,0.7281,1,1,1024,59,11.322,60,0.644068,twitter,1,,0,0,0,0,12,Friday,August,0
6684601,https://safebooru.org/index.php?page=post&s=view&id=6684601,e285b9008bf6,1,768,1280,0.6,0.983,1,1,1280,15,9.8,18,0.466667,other,1,1,0,0,0,0,20,Tuesday,April,1
7075964,https://safebooru.org/index.php?page=post&s=view&id=7075964,e285b9008bf6,0,2000,2466,0.81103,4.932,0,1,2466,14,8.214,15,0.285714,twitter,1,,0,0,0,1,16,Friday,August,0
7058338,https://safebooru.org/index.php?page=post&s=view&id=7058338,e285b9008bf6,1,1014,1551,0.653772,1.5727,0,1,1551,22,10.909,23,0.636364,pixiv,1,1,0,0,0,0,23,Saturday,August,1
6909147,https://safebooru.org/index.php?page=post&s=view&id=6909147,e285b9008bf6,1,1086,1448,0.75,1.5725,0,1,1448,5,22.8,40,0.8,local_file,1,,0,0,0,1,9,Sunday,June,1
7069416,https://safebooru.org/index.php?page=post&s=view&id=7069416,e285b9008bf6,0,1293,1159,1.115617,1.4986,0,0,1293,63,10.905,27,0.730159,twitter,1,,0,0,0,0,11,Wednesday,August,0
7069434,https://safebooru.org/index.php?page=post&s=view&id=7069434,e285b9008bf6,0,2048,1546,1.324709,3.1662,0,0,2048,30,12.933,43,0.633333,twitter,1,,0,0,0,1,11,Wednesday,August,0
6815879,https://safebooru.org/index.php?page=post&s=view&id=6815879,e285b9008bf6,1,832,1216,0.684211,1.0117,1,1,1216,2,12.5,18,0.5,twitter,1,,0,0,0,0,3,Sunday,May,2
6749523,https://safebooru.org/index.php?page=post&s=view&id=6749523,e285b9008bf6,1,2048,1534,1.335072,3.1416,0,0,2048,42,8.786,17,0.47619,other,1,1,0,0,0,1,7,Monday,May,1
7076028,https://safebooru.org/index.php?page=post&s=view&id=7076028,e285b9008bf6,0,1530,2220,0.689189,3.3966,0,1,2220,45,11.867,28,0.733333,twitter,1,,0,0,0,1,17,Friday,August,0
6740046,https://safebooru.org/index.php?page=post&s=view&id=6740046,e285b9008bf6,1,6000,3400,1.764706,20.4,0,0,6000,40,11.175,20,0.65,pixiv,1,,0,0,0,1,10,Friday,May,1
7075981,https://safebooru.org/index.php?page=post&s=view&id=7075981,e285b9008bf6,0,2000,2143,0.933271,4.286,0,1,2143,39,10.359,20,0.615385,pixiv,1,,0,0,0,1,16,Friday,August,0
6849942,https://safebooru.org/index.php?page=post&s=view&id=6849942,e285b9008bf6,1,1344,1856,0.724138,2.4945,1,1,1856,90,10.244,20,0.6,pixiv,1,,0,0,0,1,20,Wednesday,June,1
6872859,https://safebooru.org/index.php?page=post&s=view&id=6872859,e285b9008bf6,1,832,1216,0.684211,1.0117,1,1,1216,19,7.684,14,0.368421,local_file,1,,0,0,0,0,8,Wednesday,June,1
6672910,https://safebooru.org/index.php?page=post&s=view&id=6672910,e285b9008bf6,1,512,768,0.666667,0.3932,1,1,768,2,20.5,27,1.0,local_file,1,,0,0,0,0,16,Saturday,April,2
7069411,https://safebooru.org/index.php?page=post&s=view&id=7069411,e285b9008bf6,0,1299,1831,0.709448,2.3785,0,1,1831,31,11.355,49,0.483871,twitter,1,,0,0,0,1,11,Wednesday,August,0
6768763,https://safebooru.org/index.php?page=post&s=view&id=6768763,e285b9008bf6,1,1000,1000,1.0,1.0,0,0,1000,19,12.263,28,0.526316,other,1,1,0,0,0,0,7,Saturday,May,1
7069466,https://safebooru.org/index.php?page=post&s=view&id=7069466,e285b9008bf6,0,1748,2480,0.704839,4.335,0,1,2480,33,11.485,25,0.69697,pixiv,1,,0,0,0,1,12,Wednesday,August,0
7076012,https://safebooru.org/index.php?page=post&s=view&id=7076012,e285b9008bf6,0,923,1200,0.769167,1.1076,0,1,1200,22,10.455,37,0.636364,twitter,1,,0,0,0,0,17,Friday,August,0
7075385,https://safebooru.org/index.php?page=post&s=view&id=7075385,e285b9008bf6,0,1749,2048,0.854004,3.582,0,1,2048,85,10.8,26,0.635294,twitter,1,,0,0,0,1,12,Friday,August,0
7076046,https://safebooru.org/index.php?page=post&s=view&id=7076046,e285b9008bf6,0,1400,1680,0.833333,2.352,0,1,1680,23,10.435,26,0.521739,pixiv,1,1,0,0,0,1,17,Friday,August,0
6889397,https://safebooru.org/index.php?page=post&s=view&id=6889397,e285b9008bf6,1,832,1216,0.684211,1.0117,1,1,1216,21,11.143,25,0.52381,twitter,1,1,0,0,0,0,3,Monday,June,1
7069446,https://safebooru.org/index.php?page=post&s=view&id=7069446,e285b9008bf6,0,3000,4000,0.75,12.0,0,1,4000,48,10.812,27,0.604167,twitter,1,,0,0,0,1,11,Wednesday,August,0
7075998,https://safebooru.org/index.php?page=post&s=view&id=7075998,e285b9008bf6,0,3000,2480,1.209677,7.44,0,0,3000,38,10.553,41,0.5,twitter,1,,0,0,0,1,16,Friday,August,0
7080660,https://safebooru.org/index.php?page=post&s=view&id=7080660,e285b9008bf6,1,1530,2048,0.74707,3.1334,0,1,2048,32,9.688,21,0.65625,twitter,1,,0,0,0,1,7,Sunday,August,1
7058368,https://safebooru.org/index.php?page=post&s=view&id=7058368,e285b9008bf6,1,1037,1516,0.684037,1.5721,0,1,1516,24,10.833,23,0.625,pixiv,1,,0,0,0,0,23,Saturday,August,1
7075441,https://safebooru.org/index.php?page=post&s=view&id=7075441,e285b9008bf6,0,645,1229,0.524817,0.7927,0,1,1229,26,10.962,26,0.653846,twitter,1,,0,0,0,0,12,Friday,August,0
7058354,https://safebooru.org/index.php?page=post&s=view&id=7058354,e285b9008bf6,1,979,1606,0.609589,1.5723,0,1,1606,26,10.115,23,0.576923,pixiv,1,1,0,0,0,0,23,Saturday,August,1
7069493,https://safebooru.org/index.php?page=post&s=view&id=7069493,e285b9008bf6,0,1699,2000,0.8495,3.398,0,1,2000,31,9.839,21,0.645161,other,1,,0,0,0,1,12,Wednesday,August,0
7079500,https://safebooru.org/index.php?page=post&s=view&id=7079500,e285b9008bf6,1,2897,4096,0.707275,11.8661,0,1,4096,26,7.731,18,0.423077,twitter,1,,0,0,0,1,21,Saturday,August,1
7069481,https://safebooru.org/index.php?page=post&s=view&id=7069481,e285b9008bf6,0,1076,1520,0.707895,1.6355,0,1,1520,47,10.277,31,0.574468,pixiv,1,,0,0,0,0,12,Wednesday,August,0
6632004,https://safebooru.org/index.php?page=post&s=view&id=6632004,e285b9008bf6,1,2048,1232,1.662338,2.5231,0,0,2048,3,5.667,7,0.0,twitter,1,0,0,0,0,1,12,Friday,May,2
7069473,https://safebooru.org/index.php?page=post&s=view&id=7069473,e285b9008bf6,0,2048,1452,1.410468,2.9737,0,0,2048,70,10.829,36,0.557143,twitter,1,,0,0,0,1,12,Wednesday,August,0
7076254,https://safebooru.org/index.php?page=post&s=view&id=7076254,e285b9008bf6,1,1856,1280,1.45,2.3757,0,0,1856,22,10.318,18,0.590909,twitter,1,,0,0,0,1,19,Friday,August,1
7069463,https://safebooru.org/index.php?page=post&s=view&id=7069463,e285b9008bf6,0,2507,3040,0.824671,7.6213,0,1,3040,34,11.235,31,0.588235,pixiv,1,,0,0,0,1,12,Wednesday,August,0
6785727,https://safebooru.org/index.php?page=post&s=view&id=6785727,e285b9008bf6,1,1408,2112,0.666667,2.9737,0,1,2112,25,11.0,25,0.56,twitter,1,,0,0,0,1,16,Thursday,May,1
6753654,https://safebooru.org/index.php?page=post&s=view&id=6753654,e285b9008bf6,1,1254,1254,1.0,1.5725,0,0,1254,4,14.25,25,0.75,local_file,1,,0,0,0,1,8,Tuesday,May,1
7027030,https://safebooru.org/index.php?page=post&s=view&id=7027030,e285b9008bf6,1,1344,1728,0.777778,2.3224,1,1,1728,30,10.6,25,0.566667,twitter,1,1,0,0,0,0,10,Thursday,August,1
6725029,https://safebooru.org/index.php?page=post&s=view&id=6725029,e285b9008bf6,1,1086,1448,0.75,1.5725,0,1,1448,7,15.0,23,0.714286,local_file,1,,0,0,0,1,23,Sunday,May,1
7069460,https://safebooru.org/index.php?page=post&s=view&id=7069460,e285b9008bf6,0,4098,5642,0.726338,23.1209,0,1,5642,61,10.557,27,0.704918,pixiv,1,,0,0,0,1,12,Wednesday,August,0
6872776,https://safebooru.org/index.php?page=post&s=view&id=6872776,e285b9008bf6,1,832,1216,0.684211,1.0117,1,1,1216,26,9.308,35,0.538462,twitter,1,,0,0,0,0,7,Wednesday,June,1
7069478,https://safebooru.org/index.php?page=post&s=view&id=7069478,e285b9008bf6,0,1642,1642,1.0,2.6962,0,0,1642,37,12.243,47,0.648649,pixiv,1,,0,0,0,1,12,Wednesday,August,0
7069483,https://safebooru.org/index.php?page=post&s=view&id=7069483,e285b9008bf6,0,2304,3072,0.75,7.0779,0,1,3072,36,10.222,31,0.666667,pixiv,1,,0,0,0,1,12,Wednesday,August,0
7069486,https://safebooru.org/index.php?page=post&s=view&id=7069486,e285b9008bf6,0,2300,3461,0.664548,7.9603,0,1,3461,59,11.305,29,0.644068,local_file,1,,0,0,0,1,12,Wednesday,August,0
7058345,https://safebooru.org/index.php?page=post&s=view&id=7058345,e285b9008bf6,1,1070,1470,0.727891,1.5729,0,1,1470,22,10.909,23,0.636364,pixiv,1,1,0,0,0,1,23,Saturday,August,1
7075430,https://safebooru.org/index.php?page=post&s=view&id=7075430,e285b9008bf6,0,2699,4531,0.595674,12.2292,0,1,4531,33,10.455,27,0.575758,pixiv,1,,0,0,0,1,12,Friday,August,0
6669414,https://safebooru.org/index.php?page=post&s=view&id=6669414,e285b9008bf6,1,1536,1024,1.5,1.5729,1,0,1536,8,22.375,37,1.0,local_file,1,,0,0,0,1,19,Friday,April,1
7075348,https://safebooru.org/index.php?page=post&s=view&id=7075348,e285b9008bf6,0,700,1050,0.666667,0.735,0,1,1050,39,10.769,26,0.666667,twitter,1,,0,0,0,0,12,Friday,August,0
7076002,https://safebooru.org/index.php?page=post&s=view&id=7076002,e285b9008bf6,0,1540,2048,0.751953,3.1539,0,1,2048,34,11.765,27,0.588235,twitter,1,,0,0,0,1,16,Friday,August,0
7075431,https://safebooru.org/index.php?page=post&s=view&id=7075431,e285b9008bf6,0,4000,2250,1.777778,9.0,0,0,4000,28,11.036,30,0.571429,pixiv,1,,0,0,0,1,12,Friday,August,0
7075365,https://safebooru.org/index.php?page=post&s=view&id=7075365,e285b9008bf6,0,1114,1280,0.870313,1.4259,0,1,1280,62,10.21,24,0.677419,twitter,1,,0,0,0,0,12,Friday,August,0
6791380,https://safebooru.org/index.php?page=post&s=view&id=6791380,e285b9008bf6,1,1268,1838,0.68988,2.3306,0,1,1838,16,11.0,25,0.5625,twitter,1,,0,0,0,0,10,Saturday,May,1
7075416,https://safebooru.org/index.php?page=post&s=view&id=7075416,e285b9008bf6,0,1920,1080,1.777778,2.0736,0,0,1920,38,12.184,26,0.684211,pixiv,1,,0,0,0,1,12,Friday,August,0
6625251,https://safebooru.org/index.php?page=post&s=view&id=6625251,e285b9008bf6,1,1024,1024,1.0,1.0486,1,0,1024,23,8.435,14,0.521739,local_file,1,,0,0,0,0,21,Saturday,April,1
7075996,https://safebooru.org/index.php?page=post&s=view&id=7075996,e285b9008bf6,0,1100,1388,0.792507,1.5268,0,1,1388,45,10.089,19,0.644444,other,1,,0,0,0,1,16,Friday,August,0
7076032,https://safebooru.org/index.php?page=post&s=view&id=7076032,e285b9008bf6,0,1199,807,1.48575,0.9676,0,0,1199,17,10.765,21,0.529412,twitter,1,,0,0,0,0,17,Friday,August,0
7076017,https://safebooru.org/index.php?page=post&s=view&id=7076017,e285b9008bf6,0,1260,1500,0.84,1.89,0,1,1500,27,9.407,19,0.518519,pixiv,1,,0,0,0,1,17,Friday,August,0
7075364,https://safebooru.org/index.php?page=post&s=view&id=7075364,e285b9008bf6,0,2480,2884,0.859917,7.1523,0,1,2884,68,10.721,25,0.617647,pixiv,1,,0,0,0,1,12,Friday,August,0
7070618,https://safebooru.org/index.php?page=post&s=view&id=7070618,e285b9008bf6,1,1088,1408,0.772727,1.5319,0,1,1408,11,10.182,15,0.545455,paywall,1,,0,0,0,1,18,Wednesday,August,1
7075370,https://safebooru.org/index.php?page=post&s=view&id=7075370,e285b9008bf6,0,643,900,0.714444,0.5787,0,1,900,31,9.806,26,0.548387,other,1,1,0,0,0,0,12,Friday,August,0
7075990,https://safebooru.org/index.php?page=post&s=view&id=7075990,e285b9008bf6,0,2344,3000,0.781333,7.032,0,1,3000,50,9.98,25,0.54,twitter,1,,0,0,0,1,16,Friday,August,0
7069433,https://safebooru.org/index.php?page=post&s=view&id=7069433,e285b9008bf6,0,2480,3496,0.709382,8.6701,0,1,3496,30,11.533,26,0.7,pixiv,1,,0,0,0,1,11,Wednesday,August,0
7075342,https://safebooru.org/index.php?page=post&s=view&id=7075342,e285b9008bf6,0,2830,2702,1.047372,7.6467,0,0,2830,63,10.762,25,0.650794,twitter,1,,0,0,0,1,12,Friday,August,0
7075341,https://safebooru.org/index.php?page=post&s=view&id=7075341,e285b9008bf6,0,1152,729,1.580247,0.8398,1,0,1152,47,11.319,19,0.723404,twitter,1,,0,0,0,0,12,Friday,August,0
7081601,https://safebooru.org/index.php?page=post&s=view&id=7081601,e285b9008bf6,1,1664,2432,0.684211,4.0468,0,1,2432,12,12.833,32,0.416667,twitter,1,,0,0,0,1,15,Sunday,August,1
6626171,https://safebooru.org/index.php?page=post&s=view&id=6626171,e285b9008bf6,1,1800,2372,0.758853,4.2696,0,1,2372,7,16.0,41,0.714286,local_file,1,,0,0,0,1,2,Sunday,April,1
6768776,https://safebooru.org/index.php?page=post&s=view&id=6768776,e285b9008bf6,1,1000,1000,1.0,1.0,0,0,1000,20,8.7,16,0.4,other,1,,0,0,0,0,7,Saturday,May,1
7075336,https://safebooru.org/index.php?page=post&s=view&id=7075336,e285b9008bf6,0,1594,2048,0.77832,3.2645,0,1,2048,58,10.362,26,0.62069,twitter,1,,0,0,0,1,12,Friday,August,0
7069452,https://safebooru.org/index.php?page=post&s=view&id=7069452,e285b9008bf6,0,863,1216,0.709704,1.0494,1,1,1216,79,10.899,27,0.734177,twitter,1,,0,0,0,0,11,Wednesday,August,0
6623681,https://safebooru.org/index.php?page=post&s=view&id=6623681,e285b9008bf6,1,2048,2048,1.0,4.1943,0,0,2048,3,10.333,14,0.333333,local_file,1,,0,0,0,1,9,Saturday,April,2
7058412,https://safebooru.org/index.php?page=post&s=view&id=7058412,e285b9008bf6,1,970,1622,0.598027,1.5733,0,1,1622,24,10.917,23,0.666667,pixiv,1,,0,0,0,0,23,Saturday,August,1
6689044,https://safebooru.org/index.php?page=post&s=view&id=6689044,e285b9008bf6,1,1402,1122,1.249554,1.573,0,0,1402,7,11.714,22,0.571429,local_file,1,,0,0,0,1,4,Thursday,April,1
7075973,https://safebooru.org/index.php?page=post&s=view&id=7075973,e285b9008bf6,0,1600,2430,0.658436,3.888,0,1,2430,45,11.422,29,0.666667,twitter,1,,0,0,0,1,16,Friday,August,0
7069476,https://safebooru.org/index.php?page=post&s=view&id=7069476,e285b9008bf6,0,3000,4000,0.75,12.0,0,1,4000,80,10.338,26,0.6875,twitter,1,,0,0,0,1,12,Wednesday,August,0
7069458,https://safebooru.org/index.php?page=post&s=view&id=7069458,e285b9008bf6,0,2739,3731,0.73412,10.2192,0,1,3731,37,11.432,27,0.702703,pixiv,1,,0,0,0,1,12,Wednesday,August,0
7075389,https://safebooru.org/index.php?page=post&s=view&id=7075389,e285b9008bf6,0,1920,1349,1.423277,2.5901,0,0,1920,81,10.0,19,0.62963,twitter,1,,0,0,0,1,12,Friday,August,0
6878785,https://safebooru.org/index.php?page=post&s=view&id=6878785,e285b9008bf6,1,2457,2595,0.946821,6.3759,0,1,2595,35,9.114,16,0.571429,twitter,1,,0,0,0,1,18,Thursday,June,1
7069431,https://safebooru.org/index.php?page=post&s=view&id=7069431,e285b9008bf6,0,4299,3024,1.421627,13.0002,0,0,4299,92,11.38,26,0.728261,pixiv,1,,0,0,0,1,11,Wednesday,August,0
7069422,https://safebooru.org/index.php?page=post&s=view&id=7069422,e285b9008bf6,0,3237,4317,0.749826,13.9741,0,1,4317,41,10.195,18,0.585366,other,1,,0,0,0,1,11,Wednesday,August,0
7062634,https://safebooru.org/index.php?page=post&s=view&id=7062634,e285b9008bf6,1,960,1280,0.75,1.2288,0,1,1280,31,10.161,20,0.612903,twitter,1,,0,0,0,0,8,Monday,August,1
7069484,https://safebooru.org/index.php?page=post&s=view&id=7069484,e285b9008bf6,0,1536,2048,0.75,3.1457,1,1,2048,25,9.16,18,0.44,twitter,1,,0,0,0,0,12,Wednesday,August,0
7069456,https://safebooru.org/index.php?page=post&s=view&id=7069456,e285b9008bf6,0,1440,2560,0.5625,3.6864,0,1,2560,46,11.174,21,0.630435,pixiv,1,,0,0,0,1,11,Wednesday,August,0
7075418,https://safebooru.org/index.php?page=post&s=view&id=7075418,e285b9008bf6,0,2508,3541,0.708274,8.8808,0,1,3541,43,11.209,24,0.674419,twitter,1,,0,0,0,1,12,Friday,August,0
7076019,https://safebooru.org/index.php?page=post&s=view&id=7076019,e285b9008bf6,0,936,1290,0.725581,1.2074,0,1,1290,51,9.745,19,0.607843,pixiv,1,1,0,0,0,0,17,Friday,August,0
7069439,https://safebooru.org/index.php?page=post&s=view&id=7069439,e285b9008bf6,0,1299,1831,0.709448,2.3785,0,1,1831,21,11.333,49,0.380952,twitter,1,,0,0,0,1,11,Wednesday,August,0
7069402,https://safebooru.org/index.php?page=post&s=view&id=7069402,e285b9008bf6,0,1439,2048,0.702637,2.9471,0,1,2048,32,9.156,19,0.5,twitter,1,,0,0,0,1,11,Wednesday,August,0
7068580,https://safebooru.org/index.php?page=post&s=view&id=7068580,e285b9008bf6,1,1024,1536,0.666667,1.5729,1,1,1536,3,6.0,7,0.0,other,1,,0,0,0,0,3,Wednesday,August,2
7075984,https://safebooru.org/index.php?page=post&s=view&id=7075984,e285b9008bf6,0,2250,2250,1.0,5.0625,0,0,2250,29,11.172,18,0.724138,other,1,,0,0,0,1,16,Friday,August,0
7069408,https://safebooru.org/index.php?page=post&s=view&id=7069408,e285b9008bf6,0,3605,2894,1.245681,10.4329,0,0,3605,44,10.295,19,0.636364,twitter,1,1,0,0,0,1,11,Wednesday,August,0
7039256,https://safebooru.org/index.php?page=post&s=view&id=7039256,e285b9008bf6,1,960,1537,0.624593,1.4755,0,1,1537,7,18.429,33,0.714286,twitter,1,,0,0,0,0,22,Sunday,August,1
6930720,https://safebooru.org/index.php?page=post&s=view&id=6930720,e285b9008bf6,1,1187,1326,0.895173,1.574,0,1,1326,40,10.5,39,0.625,local_file,1,,0,0,0,1,2,Sunday,July,1
7069465,https://safebooru.org/index.php?page=post&s=view&id=7069465,e285b9008bf6,0,700,1058,0.661626,0.7406,0,1,1058,24,10.333,28,0.666667,pixiv,1,,0,0,0,0,12,Wednesday,August,0
7058413,https://safebooru.org/index.php?page=post&s=view&id=7058413,e285b9008bf6,1,986,1594,0.61857,1.5717,0,1,1594,27,10.926,25,0.62963,pixiv,1,1,0,0,0,0,23,Saturday,August,1
7069457,https://safebooru.org/index.php?page=post&s=view&id=7069457,e285b9008bf6,0,873,1129,0.773251,0.9856,0,1,1129,43,10.698,27,0.697674,twitter,1,,0,0,0,0,11,Wednesday,August,0
7065923,https://safebooru.org/index.php?page=post&s=view&id=7065923,e285b9008bf6,1,1197,1798,0.66574,2.1522,0,1,1798,60,11.35,42,0.683333,other,1,,0,0,0,1,8,Tuesday,August,1
7076005,https://safebooru.org/index.php?page=post&s=view&id=7076005,e285b9008bf6,0,5200,7200,0.722222,37.44,0,1,7200,25,10.56,18,0.64,other,1,,0,0,0,1,16,Friday,August,0
7075361,https://safebooru.org/index.php?page=post&s=view&id=7075361,e285b9008bf6,0,1815,2218,0.818305,4.0257,0,1,2218,35,11.086,18,0.685714,other,1,,0,0,0,1,12,Friday,August,0
7069425,https://safebooru.org/index.php?page=post&s=view&id=7069425,e285b9008bf6,0,1536,1400,1.097143,2.1504,1,0,1536,26,10.462,18,0.653846,twitter,1,,0,0,0,1,11,Wednesday,August,0
6724238,https://safebooru.org/index.php?page=post&s=view&id=6724238,e285b9008bf6,1,1736,1736,1.0,3.0137,0,0,1736,31,12.226,25,0.741935,paywall,1,,0,0,0,1,17,Sunday,May,1
6768753,https://safebooru.org/index.php?page=post&s=view&id=6768753,e285b9008bf6,1,1000,1000,1.0,1.0,0,0,1000,17,11.706,28,0.529412,other,1,,0,0,0,0,7,Saturday,May,1
7076020,https://safebooru.org/index.php?page=post&s=view&id=7076020,e285b9008bf6,0,1024,1446,0.70816,1.4807,1,1,1446,11,15.455,31,0.909091,other,1,,0,0,0,0,17,Friday,August,0
6775596,https://safebooru.org/index.php?page=post&s=view&id=6775596,e285b9008bf6,1,832,1248,0.666667,1.0383,1,1,1248,6,11.167,18,0.5,other,1,,0,0,0,0,12,Monday,May,1
7075979,https://safebooru.org/index.php?page=post&s=view&id=7075979,e285b9008bf6,0,3000,2000,1.5,6.0,0,0,3000,22,10.455,18,0.636364,twitter,1,,0,0,0,1,16,Friday,August,0
7075419,https://safebooru.org/index.php?page=post&s=view&id=7075419,e285b9008bf6,0,1592,2048,0.777344,3.2604,0,1,2048,25,10.04,17,0.56,twitter,1,1,0,0,0,1,12,Friday,August,0
7024691,https://safebooru.org/index.php?page=post&s=view&id=7024691,e285b9008bf6,1,1048,1501,0.698201,1.573,0,1,1501,35,10.457,25,0.657143,twitter,1,,0,0,0,0,14,Wednesday,August,1
7075350,https://safebooru.org/index.php?page=post&s=view&id=7075350,e285b9008bf6,0,937,778,1.20437,0.729,0,0,937,55,11.0,19,0.672727,twitter,1,,0,0,0,0,12,Friday,August,0
7075949,https://safebooru.org/index.php?page=post&s=view&id=7075949,e285b9008bf6,0,1000,1500,0.666667,1.5,0,1,1500,29,10.931,28,0.586207,twitter,1,,0,0,0,0,16,Friday,August,0
7083006,https://safebooru.org/index.php?page=post&s=view&id=7083006,e285b9008bf6,1,832,1216,0.684211,1.0117,1,1,1216,2,10.5,14,0.5,local_file,1,,0,0,0,0,2,Monday,August,2
7075429,https://safebooru.org/index.php?page=post&s=view&id=7075429,e285b9008bf6,0,1456,2048,0.710938,2.9819,0,1,2048,36,10.444,18,0.694444,twitter,1,1,0,0,0,1,12,Friday,August,0
7075339,https://safebooru.org/index.php?page=post&s=view&id=7075339,e285b9008bf6,0,1312,2048,0.640625,2.687,0,1,2048,52,10.212,27,0.615385,twitter,1,,0,0,0,0,12,Friday,August,0
7076007,https://safebooru.org/index.php?page=post&s=view&id=7076007,e285b9008bf6,0,900,1125,0.8,1.0125,0,1,1125,29,9.138,18,0.517241,art_platform,1,,0,0,0,0,16,Friday,August,0
7075356,https://safebooru.org/index.php?page=post&s=view&id=7075356,e285b9008bf6,0,2000,4445,0.449944,8.89,0,1,4445,42,9.095,22,0.52381,pixiv,1,,0,0,0,1,12,Friday,August,0
7069451,https://safebooru.org/index.php?page=post&s=view&id=7069451,e285b9008bf6,0,2508,3541,0.708274,8.8808,0,1,3541,38,9.553,18,0.578947,pixiv,1,,0,0,0,1,11,Wednesday,August,0
7075969,https://safebooru.org/index.php?page=post&s=view&id=7075969,e285b9008bf6,0,911,1296,0.702932,1.1807,0,1,1296,25,11.36,24,0.6,twitter,1,,0,0,0,0,16,Friday,August,0
6717330,https://safebooru.org/index.php?page=post&s=view&id=6717330,e285b9008bf6,1,2752,1536,1.791667,4.2271,1,0,2752,24,10.083,37,0.458333,pixiv,1,,0,0,0,1,15,Friday,May,1
6973341,https://safebooru.org/index.php?page=post&s=view&id=6973341,e285b9008bf6,1,1169,1967,0.594306,2.2994,0,1,1967,30,10.767,23,0.6,twitter,1,,0,0,0,0,6,Sunday,July,1
7069400,https://safebooru.org/index.php?page=post&s=view&id=7069400,e285b9008bf6,0,1200,2340,0.512821,2.808,0,1,2340,34,9.676,21,0.588235,pixiv,1,,0,0,0,1,11,Wednesday,August,0
7069459,https://safebooru.org/index.php?page=post&s=view&id=7069459,e285b9008bf6,0,3277,4096,0.800049,13.4226,0,1,4096,32,9.75,19,0.5,twitter,1,,0,0,0,1,12,Wednesday,August,0
7075362,https://safebooru.org/index.php?page=post&s=view&id=7075362,e285b9008bf6,0,1365,2048,0.666504,2.7955,0,1,2048,60,10.2,20,0.633333,twitter,1,,0,0,0,1,12,Friday,August,0
7058419,https://safebooru.org/index.php?page=post&s=view&id=7058419,e285b9008bf6,1,1024,1536,0.666667,1.5729,1,1,1536,24,10.917,23,0.666667,pixiv,1,1,0,0,0,0,23,Saturday,August,1
6771560,https://safebooru.org/index.php?page=post&s=view&id=6771560,e285b9008bf6,1,896,1152,0.777778,1.0322,1,1,1152,16,11.125,25,0.5,twitter,1,,0,0,0,0,4,Sunday,May,2
6726258,https://safebooru.org/index.php?page=post&s=view&id=6726258,e285b9008bf6,1,1152,2016,0.571429,2.3224,1,1,2016,26,9.808,17,0.653846,twitter,1,,0,0,0,0,9,Monday,May,1
6700641,https://safebooru.org/index.php?page=post&s=view&id=6700641,e285b9008bf6,1,832,1216,0.684211,1.0117,1,1,1216,38,11.579,31,0.631579,twitter,1,,0,0,0,0,11,Sunday,April,1
7076024,https://safebooru.org/index.php?page=post&s=view&id=7076024,e285b9008bf6,0,3307,4677,0.707077,15.4668,0,1,4677,25,10.64,19,0.6,pixiv,1,,0,0,0,1,17,Friday,August,0
7076025,https://safebooru.org/index.php?page=post&s=view&id=7076025,e285b9008bf6,0,1505,2085,0.721823,3.1379,0,1,2085,40,8.875,19,0.55,pixiv,1,,0,0,0,1,17,Friday,August,0
7069437,https://safebooru.org/index.php?page=post&s=view&id=7069437,e285b9008bf6,0,1299,1831,0.709448,2.3785,0,1,1831,28,12.5,49,0.571429,twitter,1,,0,0,0,1,11,Wednesday,August,0
6646179,https://safebooru.org/index.php?page=post&s=view&id=6646179,e285b9008bf6,1,2048,3072,0.666667,6.2915,0,1,3072,40,11.125,25,0.65,twitter,1,2,0,0,0,1,3,Saturday,April,2
6884756,https://safebooru.org/index.php?page=post&s=view&id=6884756,e285b9008bf6,1,1600,1600,1.0,2.56,0,0,1600,18,14.056,30,0.777778,twitter,1,,0,0,0,1,18,Saturday,June,1
7069403,https://safebooru.org/index.php?page=post&s=view&id=7069403,e285b9008bf6,0,2607,3814,0.683534,9.9431,0,1,3814,29,9.828,19,0.655172,twitter,1,,0,0,0,1,11,Wednesday,August,0
7083705,https://safebooru.org/index.php?page=post&s=view&id=7083705,e285b9008bf6,1,768,1280,0.6,0.983,1,1,1280,27,10.593,23,0.518519,pixiv,1,,0,0,0,0,9,Monday,August,1
6806483,https://safebooru.org/index.php?page=post&s=view&id=6806483,e285b9008bf6,1,2048,2048,1.0,4.1943,0,0,2048,8,11.25,18,0.5,pixiv,1,,0,0,0,1,2,Thursday,May,1
7075319,https://safebooru.org/index.php?page=post&s=view&id=7075319,e285b9008bf6,1,3840,2208,1.73913,8.4787,0,0,3840,23,11.217,19,0.608696,twitter,1,,0,0,0,1,11,Friday,August,1
6956896,https://safebooru.org/index.php?page=post&s=view&id=6956896,e285b9008bf6,1,1408,2112,0.666667,2.9737,0,1,2112,20,11.6,25,0.65,twitter,1,,0,0,0,1,11,Monday,July,1
7076031,https://safebooru.org/index.php?page=post&s=view&id=7076031,e285b9008bf6,0,620,950,0.652632,0.589,0,1,950,27,10.185,17,0.592593,pixiv,1,,0,0,0,0,17,Friday,August,0
6962113,https://safebooru.org/index.php?page=post&s=view&id=6962113,e285b9008bf6,1,1728,2432,0.710526,4.2025,0,1,2432,19,9.316,21,0.473684,pixiv,1,2,0,0,0,1,5,Wednesday,July,1
7069442,https://safebooru.org/index.php?page=post&s=view&id=7069442,e285b9008bf6,0,2173,2532,0.858215,5.502,0,1,2532,40,10.5,19,0.625,other,1,,0,0,0,1,11,Wednesday,August,0
7075437,https://safebooru.org/index.php?page=post&s=view&id=7075437,e285b9008bf6,0,3744,4096,0.914062,15.3354,0,1,4096,35,10.857,26,0.657143,twitter,1,,0,0,0,1,12,Friday,August,0
6925274,https://safebooru.org/index.php?page=post&s=view&id=6925274,e285b9008bf6,1,1536,2048,0.75,3.1457,1,1,2048,33,11.758,30,0.666667,twitter,1,,0,0,0,1,14,Friday,July,1
7058386,https://safebooru.org/index.php?page=post&s=view&id=7058386,e285b9008bf6,1,1054,1492,0.706434,1.5726,0,1,1492,24,10.542,23,0.625,pixiv,1,,0,0,0,0,23,Saturday,August,1
7069412,https://safebooru.org/index.php?page=post&s=view&id=7069412,e285b9008bf6,0,850,1200,0.708333,1.02,0,1,1200,33,10.273,23,0.636364,pixiv,1,,0,0,0,0,11,Wednesday,August,0
6937579,https://safebooru.org/index.php?page=post&s=view&id=6937579,e285b9008bf6,1,1280,1856,0.689655,2.3757,0,1,1856,16,14.875,49,0.6875,twitter,1,1,0,0,0,1,1,Tuesday,July,1
6817453,https://safebooru.org/index.php?page=post&s=view&id=6817453,e285b9008bf6,1,1536,2560,0.6,3.9322,1,1,2560,4,11.75,18,0.5,pixiv,1,,0,0,0,1,14,Sunday,May,1
7069487,https://safebooru.org/index.php?page=post&s=view&id=7069487,e285b9008bf6,0,1536,2048,0.75,3.1457,1,1,2048,11,10.364,18,0.545455,twitter,1,,0,0,0,0,12,Wednesday,August,0
6669324,https://safebooru.org/index.php?page=post&s=view&id=6669324,e285b9008bf6,1,1368,2000,0.684,2.736,0,1,2000,28,11.5,25,0.678571,twitter,1,,0,0,0,0,18,Friday,April,1
7075961,https://safebooru.org/index.php?page=post&s=view&id=7075961,e285b9008bf6,0,1496,1863,0.803006,2.787,0,1,1863,20,9.15,18,0.5,twitter,1,,0,0,0,1,16,Friday,August,0
7069424,https://safebooru.org/index.php?page=post&s=view&id=7069424,e285b9008bf6,0,2485,3412,0.728312,8.4788,0,1,3412,39,10.205,27,0.589744,twitter,1,,0,0,0,1,11,Wednesday,August,0
7069491,https://safebooru.org/index.php?page=post&s=view&id=7069491,e285b9008bf6,0,1536,2048,0.75,3.1457,1,1,2048,15,10.533,18,0.533333,twitter,1,,0,0,0,1,12,Wednesday,August,0
6872918,https://safebooru.org/index.php?page=post&s=view&id=6872918,e285b9008bf6,1,832,1216,0.684211,1.0117,1,1,1216,18,7.333,14,0.333333,local_file,1,,0,0,0,0,9,Wednesday,June,2
6772685,https://safebooru.org/index.php?page=post&s=view&id=6772685,e285b9008bf6,1,768,1280,0.6,0.983,1,1,1280,4,8.5,14,0.25,pixiv,1,,0,0,0,0,13,Sunday,May,1
7075982,https://safebooru.org/index.php?page=post&s=view&id=7075982,e285b9008bf6,0,2894,4093,0.707061,11.8451,0,1,4093,38,10.921,20,0.605263,pixiv,1,,0,0,0,1,16,Friday,August,0
7075360,https://safebooru.org/index.php?page=post&s=view&id=7075360,e285b9008bf6,0,2100,3000,0.7,6.3,0,1,3000,16,8.438,18,0.375,pixiv,1,,0,0,0,1,12,Friday,August,0
6855550,https://safebooru.org/index.php?page=post&s=view&id=6855550,e285b9008bf6,1,1536,2048,0.75,3.1457,1,1,2048,33,12.394,27,0.757576,twitter,1,,0,0,0,1,13,Friday,June,1
7075965,https://safebooru.org/index.php?page=post&s=view&id=7075965,e285b9008bf6,0,4093,2894,1.414305,11.8451,0,0,4093,25,12.04,43,0.6,pixiv,1,,0,0,0,1,16,Friday,August,0
6630576,https://safebooru.org/index.php?page=post&s=view&id=6630576,e285b9008bf6,1,1200,2000,0.6,2.4,0,1,2000,20,8.3,16,0.35,twitter,1,,0,0,0,0,6,Monday,April,1
7075354,https://safebooru.org/index.php?page=post&s=view&id=7075354,e285b9008bf6,0,2508,3541,0.708274,8.8808,0,1,3541,49,10.653,42,0.653061,pixiv,1,,0,0,0,1,12,Friday,August,0
6806481,https://safebooru.org/index.php?page=post&s=view&id=6806481,e285b9008bf6,1,843,1264,0.66693,1.0656,0,1,1264,14,8.357,14,0.357143,local_file,1,,0,0,0,0,2,Thursday,May,1
6615901,https://safebooru.org/index.php?page=post&s=view&id=6615901,e285b9008bf6,1,2560,3712,0.689655,9.5027,0,1,3712,45,11.378,34,0.577778,twitter,1,2,0,0,0,1,1,Thursday,April,1
7075958,https://safebooru.org/index.php?page=post&s=view&id=7075958,e285b9008bf6,0,2508,3541,0.708274,8.8808,0,1,3541,20,10.25,27,0.5,pixiv,1,,0,0,0,1,16,Friday,August,0
7075422,https://safebooru.org/index.php?page=post&s=view&id=7075422,e285b9008bf6,0,1926,1841,1.046171,3.5458,0,0,1926,21,10.381,21,0.666667,twitter,1,,0,0,0,1,12,Friday,August,0
7075387,https://safebooru.org/index.php?page=post&s=view&id=7075387,e285b9008bf6,0,2499,3536,0.706731,8.8365,0,1,3536,26,9.385,19,0.5,pixiv,1,,0,0,0,1,12,Friday,August,0
7078913,https://safebooru.org/index.php?page=post&s=view&id=7078913,e285b9008bf6,1,989,1555,0.636013,1.5379,0,1,1555,28,10.321,24,0.571429,twitter,1,,0,0,0,0,17,Saturday,August,1
7067560,https://safebooru.org/index.php?page=post&s=view&id=7067560,e285b9008bf6,1,1024,1536,0.666667,1.5729,1,1,1536,17,12.941,26,0.647059,twitter,1,,0,0,0,0,19,Tuesday,August,1
7075335,https://safebooru.org/index.php?page=post&s=view&id=7075335,e285b9008bf6,0,1670,1458,1.145405,2.4349,0,0,1670,25,9.48,17,0.6,twitter,1,2,0,0,0,1,12,Friday,August,0
7075406,https://safebooru.org/index.php?page=post&s=view&id=7075406,e285b9008bf6,0,3000,2000,1.5,6.0,0,0,3000,26,10.308,20,0.538462,pixiv,1,,0,0,0,1,12,Friday,August,0
7075413,https://safebooru.org/index.php?page=post&s=view&id=7075413,e285b9008bf6,0,1239,1254,0.988038,1.5537,0,1,1254,29,9.759,17,0.655172,twitter,1,,0,0,0,1,12,Friday,August,0
6694859,https://safebooru.org/index.php?page=post&s=view&id=6694859,e285b9008bf6,1,2048,2048,1.0,4.1943,0,0,2048,3,9.333,14,0.333333,local_file,1,,0,0,0,0,19,Friday,April,2
6894994,https://safebooru.org/index.php?page=post&s=view&id=6894994,e285b9008bf6,1,832,1248,0.666667,1.0383,1,1,1248,19,10.579,25,0.473684,twitter,1,1,0,0,0,0,20,Tuesday,June,1
7075980,https://safebooru.org/index.php?page=post&s=view&id=7075980,e285b9008bf6,0,1360,1280,1.0625,1.7408,0,0,1360,31,9.677,18,0.548387,pixiv,1,,0,0,0,1,16,Friday,August,0
7069462,https://safebooru.org/index.php?page=post&s=view&id=7069462,e285b9008bf6,0,2507,3040,0.824671,7.6213,0,1,3040,29,11.0,31,0.482759,pixiv,1,,0,0,0,1,12,Wednesday,August,0
7081585,https://safebooru.org/index.php?page=post&s=view&id=7081585,e285b9008bf6,1,1664,2432,0.684211,4.0468,0,1,2432,13,10.0,18,0.384615,twitter,1,,0,0,0,1,15,Sunday,August,1
7076014,https://safebooru.org/index.php?page=post&s=view&id=7076014,e285b9008bf6,0,1664,2432,0.684211,4.0468,0,1,2432,16,9.562,21,0.5,twitter,1,,0,0,0,1,17,Friday,August,0
6855685,https://safebooru.org/index.php?page=post&s=view&id=6855685,e285b9008bf6,1,828,1200,0.69,0.9936,0,1,1200,24,11.708,28,0.708333,twitter,1,,0,0,0,0,15,Friday,June,1
6725023,https://safebooru.org/index.php?page=post&s=view&id=6725023,e285b9008bf6,1,1087,1446,0.751729,1.5718,0,1,1446,5,13.0,22,0.6,local_file,1,,0,0,0,1,23,Sunday,May,1
6981814,https://safebooru.org/index.php?page=post&s=view&id=6981814,e285b9008bf6,1,2304,2304,1.0,5.3084,0,0,2304,9,13.0,29,0.777778,local_file,1,,0,0,0,1,0,Wednesday,July,1
7075433,https://safebooru.org/index.php?page=post&s=view&id=7075433,e285b9008bf6,0,1776,2048,0.867188,3.6372,0,1,2048,22,10.091,20,0.636364,twitter,1,,0,0,0,1,12,Friday,August,0
6978741,https://safebooru.org/index.php?page=post&s=view&id=6978741,e285b9008bf6,1,1023,1537,0.665582,1.5724,0,1,1537,25,8.72,16,0.48,local_file,1,,0,0,0,0,1,Tuesday,July,1
7022662,https://safebooru.org/index.php?page=post&s=view&id=7022662,e285b9008bf6,1,960,2304,0.416667,2.2118,0,1,2304,7,9.571,14,0.428571,pixiv,1,1,0,0,0,0,1,Wednesday,August,1
6984206,https://safebooru.org/index.php?page=post&s=view&id=6984206,e285b9008bf6,1,1536,1536,1.0,2.3593,1,0,1536,43,10.047,26,0.651163,other,1,,0,0,0,1,19,Wednesday,July,1
7075953,https://safebooru.org/index.php?page=post&s=view&id=7075953,e285b9008bf6,0,1805,2048,0.881348,3.6966,0,1,2048,32,11.062,31,0.625,twitter,1,,0,0,0,1,16,Friday,August,0
7075994,https://safebooru.org/index.php?page=post&s=view&id=7075994,e285b9008bf6,0,553,734,0.753406,0.4059,0,1,734,37,9.946,31,0.540541,pixiv,1,,0,0,0,0,16,Friday,August,0
7069404,https://safebooru.org/index.php?page=post&s=view&id=7069404,e285b9008bf6,0,1200,2006,0.598205,2.4072,0,1,2006,47,10.255,21,0.638298,pixiv,1,,0,0,0,1,11,Wednesday,August,0
7075950,https://safebooru.org/index.php?page=post&s=view&id=7075950,e285b9008bf6,0,1000,1500,0.666667,1.5,0,1,1500,38,10.447,28,0.605263,twitter,1,,0,0,0,0,16,Friday,August,0
7076008,https://safebooru.org/index.php?page=post&s=view&id=7076008,e285b9008bf6,0,700,518,1.351351,0.3626,0,0,700,19,11.263,23,0.631579,pixiv,1,,0,0,0,0,16,Friday,August,0
6649155,https://safebooru.org/index.php?page=post&s=view&id=6649155,e285b9008bf6,1,3040,4561,0.66652,13.8654,0,1,4561,9,8.444,16,0.444444,pixiv,1,,0,0,0,1,1,Sunday,April,1
7069469,https://safebooru.org/index.php?page=post&s=view&id=7069469,e285b9008bf6,0,1168,1677,0.696482,1.9587,0,1,1677,27,9.185,17,0.592593,twitter,1,,0,0,0,1,12,Wednesday,August,0
7075993,https://safebooru.org/index.php?page=post&s=view&id=7075993,e285b9008bf6,0,800,988,0.809717,0.7904,0,1,988,31,12.452,20,0.612903,twitter,1,,0,0,0,0,16,Friday,August,0
7075369,https://safebooru.org/index.php?page=post&s=view&id=7075369,e285b9008bf6,0,2894,4093,0.707061,11.8451,0,1,4093,32,9.75,19,0.5625,pixiv,1,,0,0,0,1,12,Friday,August,0
7075410,https://safebooru.org/index.php?page=post&s=view&id=7075410,e285b9008bf6,0,3858,2894,1.333103,11.1651,0,0,3858,31,11.742,25,0.677419,twitter,1,,0,0,0,1,12,Friday,August,0
6899154,https://safebooru.org/index.php?page=post&s=view&id=6899154,e285b9008bf6,1,3072,3072,1.0,9.4372,0,0,3072,21,10.905,37,0.47619,twitter,1,,0,0,0,1,3,Thursday,June,1
7075432,https://safebooru.org/index.php?page=post&s=view&id=7075432,e285b9008bf6,0,800,600,1.333333,0.48,0,0,800,26,10.615,17,0.692308,other,1,,0,0,0,0,12,Friday,August,0
7076029,https://safebooru.org/index.php?page=post&s=view&id=7076029,e285b9008bf6,0,1200,1698,0.706714,2.0376,0,1,1698,30,11.067,26,0.6,pixiv,1,1,0,0,0,1,17,Friday,August,0
6837447,https://safebooru.org/index.php?page=post&s=view&id=6837447,e285b9008bf6,1,1054,1492,0.706434,1.5726,0,1,1492,17,12.059,30,0.647059,local_file,1,,0,0,0,0,18,Saturday,June,1
7058397,https://safebooru.org/index.php?page=post&s=view&id=7058397,e285b9008bf6,1,1033,1522,0.678712,1.5722,0,1,1522,26,10.269,23,0.576923,pixiv,1,1,0,0,0,0,23,Saturday,August,1
6989802,https://safebooru.org/index.php?page=post&s=view&id=6989802,e285b9008bf6,1,832,1216,0.684211,1.0117,1,1,1216,34,11.529,20,0.705882,twitter,1,,0,0,0,0,18,Friday,July,1
7069477,https://safebooru.org/index.php?page=post&s=view&id=7069477,e285b9008bf6,0,1455,1898,0.766596,2.7616,0,1,1898,16,9.688,18,0.4375,twitter,1,,0,0,0,1,12,Wednesday,August,0
7075426,https://safebooru.org/index.php?page=post&s=view&id=7075426,e285b9008bf6,0,1536,2048,0.75,3.1457,1,1,2048,26,10.308,27,0.576923,twitter,1,,0,0,0,1,12,Friday,August,0
6959833,https://safebooru.org/index.php?page=post&s=view&id=6959833,e285b9008bf6,1,1401,2048,0.684082,2.8692,0,1,2048,15,9.8,25,0.466667,twitter,1,1,0,0,0,0,9,Tuesday,July,1
7075427,https://safebooru.org/index.php?page=post&s=view&id=7075427,e285b9008bf6,0,2861,4096,0.698486,11.7187,0,1,4096,26,11.385,27,0.538462,twitter,1,,0,0,0,1,12,Friday,August,0
7069450,https://safebooru.org/index.php?page=post&s=view&id=7069450,e285b9008bf6,0,1000,1169,0.855432,1.169,0,1,1169,36,13.0,25,0.722222,pixiv,1,,0,0,0,0,11,Wednesday,August,0
7075424,https://safebooru.org/index.php?page=post&s=view&id=7075424,e285b9008bf6,0,1200,1600,0.75,1.92,0,1,1600,35,9.571,27,0.542857,pixiv,1,,0,0,0,1,12,Friday,August,0
6837882,https://safebooru.org/index.php?page=post&s=view&id=6837882,e285b9008bf6,1,640,960,0.666667,0.6144,1,1,960,32,10.375,21,0.59375,pixiv,1,,0,0,0,0,21,Saturday,June,1
6625018,https://safebooru.org/index.php?page=post&s=view&id=6625018,e285b9008bf6,1,1248,1824,0.684211,2.2764,0,1,1824,29,11.276,21,0.689655,twitter,1,2,0,0,0,1,19,Saturday,April,1
6643744,https://safebooru.org/index.php?page=post&s=view&id=6643744,e285b9008bf6,1,768,1280,0.6,0.983,1,1,1280,22,9.364,18,0.545455,twitter,1,,0,0,0,0,8,Friday,April,1
7075423,https://safebooru.org/index.php?page=post&s=view&id=7075423,e285b9008bf6,0,1200,1600,0.75,1.92,0,1,1600,38,9.868,27,0.552632,pixiv,1,,0,0,0,1,12,Friday,August,0
7069423,https://safebooru.org/index.php?page=post&s=view&id=7069423,e285b9008bf6,0,1200,821,1.461632,0.9852,0,0,1200,30,9.9,17,0.6,twitter,1,,0,0,0,1,11,Wednesday,August,0
7075372,https://safebooru.org/index.php?page=post&s=view&id=7075372,e285b9008bf6,0,614,869,0.706559,0.5336,0,1,869,22,10.545,18,0.590909,pixiv,1,,0,0,0,0,12,Friday,August,0
7069397,https://safebooru.org/index.php?page=post&s=view&id=7069397,e285b9008bf6,0,1748,1240,1.409677,2.1675,0,0,1748,82,10.89,26,0.634146,twitter,1,,0,0,0,1,11,Wednesday,August,0
6630988,https://safebooru.org/index.php?page=post&s=view&id=6630988,e285b9008bf6,1,900,1200,0.75,1.08,0,1,1200,15,11.067,23,0.4,twitter,1,,0,0,0,0,9,Monday,April,1
